ano;categoria_principal;produto;quantidade
1970;Vinho de Mesa;VINHO DE MESA;217208604
1970;Outros;Tinto;174224052
1970;Outros;Branco;748400
1970;Outros;Rosado;42236152
1970;Vinho Fino de Mesa;VINHO FINO DE MESA (VINIFERA);23899346
1970;Outros;Tinto;7591557
1970;Outros;Branco;15562889
1970;Outros;Rosado;744900
1970;Suco;SUCO;1097771
1970;Outros;Suco de uva integral;1097771
1970;Outros;Suco de uva concentrado;0
1970;Outros;Suco de uva adoçado;0
1970;Outros;Suco de uva orgânico;0
1970;Outros;Suco de uva reconstituído;0
1970;Derivados;DERIVADOS;14164329
1970;Outros;Espumante;0
1970;Outros;Espumante moscatel;0
1970;Outros;Base espumante;0
1970;Outros;Base espumante moscatel;0
1970;Outros;Base Champenoise champanha;0
1970;Outros;Base Charmat champanha;0
1970;Outros;Bebida de uva;0
1970;Outros;Polpa de uva;0
1970;Outros;Mosto simples;7170736
1970;Outros;Mosto concentrado;0
1970;Outros;Mosto de uva com bagaço;0
1970;Outros;Mosto dessulfitado;0
1970;Outros;Mistelas;1072100
1970;Outros;Néctar de uva;0
1970;Outros;Licorosos;282500
1970;Outros;Compostos;0
1970;Outros;Jeropiga;0
1970;Outros;Filtrado;0
1970;Outros;Frisante;0
1970;Outros;Vinho leve;0
1970;Outros;Vinho licoroso;0
1970;Outros;Brandy;0
1970;Outros;Destilado;830030
1970;Outros;Bagaceira;961290
1970;Outros;Licor de bagaceira;0
1970;Outros;Vinagre;0
1970;Outros;Borra líquida;3847673
1970;Outros;Borra seca;0
1970;Outros;Vinho Composto;0
1970;Outros;Pisco;0
1970;Outros;Vinho orgânico;0
1970;Outros;Espumante orgânico;0
1970;Outros;Destilado alcoólico simples de bagaceira;0
1970;Outros;Vinho acidificado;0
1970;Outros;Mosto parcialmente fermentado;0
1970;Outros;Outros derivados;0
1971;Vinho de Mesa;VINHO DE MESA;154264651
1971;Outros;Tinto;121133369
1971;Outros;Branco;1160500
1971;Outros;Rosado;31970782
1971;Vinho Fino de Mesa;VINHO FINO DE MESA (VINIFERA);23586062
1971;Outros;Tinto;7265666
1971;Outros;Branco;15655709
1971;Outros;Rosado;664687
1971;Suco;SUCO;2296654
1971;Outros;Suco de uva integral;2296654
1971;Outros;Suco de uva concentrado;0
1971;Outros;Suco de uva adoçado;0
1971;Outros;Suco de uva orgânico;0
1971;Outros;Suco de uva reconstituído;0
1971;Derivados;DERIVADOS;13280518
1971;Outros;Espumante;0
1971;Outros;Espumante moscatel;0
1971;Outros;Base espumante;0
1971;Outros;Base espumante moscatel;0
1971;Outros;Base Champenoise champanha;0
1971;Outros;Base Charmat champanha;0
1971;Outros;Bebida de uva;0
1971;Outros;Polpa de uva;0
1971;Outros;Mosto simples;7646774
1971;Outros;Mosto concentrado;0
1971;Outros;Mosto de uva com bagaço;0
1971;Outros;Mosto dessulfitado;0
1971;Outros;Mistelas;818400
1971;Outros;Néctar de uva;0
1971;Outros;Licorosos;270000
1971;Outros;Compostos;45000
1971;Outros;Jeropiga;0
1971;Outros;Filtrado;0
1971;Outros;Frisante;0
1971;Outros;Vinho leve;0
1971;Outros;Vinho licoroso;0
1971;Outros;Brandy;0
1971;Outros;Destilado;0
1971;Outros;Bagaceira;913200
1971;Outros;Licor de bagaceira;0
1971;Outros;Vinagre;21500
1971;Outros;Borra líquida;3565644
1971;Outros;Borra seca;0
1971;Outros;Vinho Composto;0
1971;Outros;Pisco;0
1971;Outros;Vinho orgânico;0
1971;Outros;Espumante orgânico;0
1971;Outros;Destilado alcoólico simples de bagaceira;0
1971;Outros;Vinho acidificado;0
1971;Outros;Mosto parcialmente fermentado;0
1971;Outros;Outros derivados;0
1972;Vinho de Mesa;VINHO DE MESA;146953297
1972;Outros;Tinto;118180926
1972;Outros;Branco;1812367
1972;Outros;Rosado;26960004
1972;Vinho Fino de Mesa;VINHO FINO DE MESA (VINIFERA);21078771
1972;Outros;Tinto;6782837
1972;Outros;Branco;13289304
1972;Outros;Rosado;1006630
1972;Suco;SUCO;3509440
1972;Outros;Suco de uva integral;3509440
1972;Outros;Suco de uva concentrado;0
1972;Outros;Suco de uva adoçado;0
1972;Outros;Suco de uva orgânico;0
1972;Outros;Suco de uva reconstituído;0
1972;Derivados;DERIVADOS;12314509
1972;Outros;Espumante;0
1972;Outros;Espumante moscatel;0
1972;Outros;Base espumante;0
1972;Outros;Base espumante moscatel;0
1972;Outros;Base Champenoise champanha;0
1972;Outros;Base Charmat champanha;0
1972;Outros;Bebida de uva;0
1972;Outros;Polpa de uva;0
1972;Outros;Mosto simples;6051822
1972;Outros;Mosto concentrado;0
1972;Outros;Mosto de uva com bagaço;0
1972;Outros;Mosto dessulfitado;0
1972;Outros;Mistelas;871200
1972;Outros;Néctar de uva;0
1972;Outros;Licorosos;254600
1972;Outros;Compostos;1358300
1972;Outros;Jeropiga;0
1972;Outros;Filtrado;0
1972;Outros;Frisante;0
1972;Outros;Vinho leve;0
1972;Outros;Vinho licoroso;0
1972;Outros;Brandy;0
1972;Outros;Destilado;0
1972;Outros;Bagaceira;755350
1972;Outros;Licor de bagaceira;0
1972;Outros;Vinagre;8200
1972;Outros;Borra líquida;3015037
1972;Outros;Borra seca;0
1972;Outros;Vinho Composto;0
1972;Outros;Pisco;0
1972;Outros;Vinho orgânico;0
1972;Outros;Espumante orgânico;0
1972;Outros;Destilado alcoólico simples de bagaceira;0
1972;Outros;Vinho acidificado;0
1972;Outros;Mosto parcialmente fermentado;0
1972;Outros;Outros derivados;0
1973;Vinho de Mesa;VINHO DE MESA;116710345
1973;Outros;Tinto;88589019
1973;Outros;Branco;243900
1973;Outros;Rosado;27877426
1973;Vinho Fino de Mesa;VINHO FINO DE MESA (VINIFERA);12368410
1973;Outros;Tinto;3419625
1973;Outros;Branco;7930070
1973;Outros;Rosado;1018715
1973;Suco;SUCO;0
1973;Outros;Suco de uva integral;0
1973;Outros;Suco de uva concentrado;0
1973;Outros;Suco de uva adoçado;0
1973;Outros;Suco de uva orgânico;0
1973;Outros;Suco de uva reconstituído;0
1973;Derivados;DERIVADOS;28317919
1973;Outros;Espumante;0
1973;Outros;Espumante moscatel;0
1973;Outros;Base espumante;0
1973;Outros;Base espumante moscatel;0
1973;Outros;Base Champenoise champanha;0
1973;Outros;Base Charmat champanha;0
1973;Outros;Bebida de uva;0
1973;Outros;Polpa de uva;0
1973;Outros;Mosto simples;21779327
1973;Outros;Mosto concentrado;0
1973;Outros;Mosto de uva com bagaço;0
1973;Outros;Mosto dessulfitado;0
1973;Outros;Mistelas;512900
1973;Outros;Néctar de uva;0
1973;Outros;Licorosos;176500
1973;Outros;Compostos;1628000
1973;Outros;Jeropiga;0
1973;Outros;Filtrado;0
1973;Outros;Frisante;0
1973;Outros;Vinho leve;0
1973;Outros;Vinho licoroso;0
1973;Outros;Brandy;0
1973;Outros;Destilado;0
1973;Outros;Bagaceira;661270
1973;Outros;Licor de bagaceira;0
1973;Outros;Vinagre;0
1973;Outros;Borra líquida;3559922
1973;Outros;Borra seca;0
1973;Outros;Vinho Composto;0
1973;Outros;Pisco;0
1973;Outros;Vinho orgânico;0
1973;Outros;Espumante orgânico;0
1973;Outros;Destilado alcoólico simples de bagaceira;0
1973;Outros;Vinho acidificado;0
1973;Outros;Mosto parcialmente fermentado;0
1973;Outros;Outros derivados;0
1974;Vinho de Mesa;VINHO DE MESA;193875345
1974;Outros;Tinto;146544484
1974;Outros;Branco;4138768
1974;Outros;Rosado;43192093
1974;Vinho Fino de Mesa;VINHO FINO DE MESA (VINIFERA);31644124
1974;Outros;Tinto;10047658
1974;Outros;Branco;18927471
1974;Outros;Rosado;2668995
1974;Suco;SUCO;0
1974;Outros;Suco de uva integral;0
1974;Outros;Suco de uva concentrado;0
1974;Outros;Suco de uva adoçado;0
1974;Outros;Suco de uva orgânico;0
1974;Outros;Suco de uva reconstituído;0
1974;Derivados;DERIVADOS;47904934
1974;Outros;Espumante;0
1974;Outros;Espumante moscatel;0
1974;Outros;Base espumante;0
1974;Outros;Base espumante moscatel;0
1974;Outros;Base Champenoise champanha;0
1974;Outros;Base Charmat champanha;0
1974;Outros;Bebida de uva;0
1974;Outros;Polpa de uva;0
1974;Outros;Mosto simples;41346735
1974;Outros;Mosto concentrado;0
1974;Outros;Mosto de uva com bagaço;0
1974;Outros;Mosto dessulfitado;0
1974;Outros;Mistelas;826300
1974;Outros;Néctar de uva;0
1974;Outros;Licorosos;135000
1974;Outros;Compostos;0
1974;Outros;Jeropiga;0
1974;Outros;Filtrado;0
1974;Outros;Frisante;0
1974;Outros;Vinho leve;0
1974;Outros;Vinho licoroso;0
1974;Outros;Brandy;0
1974;Outros;Destilado;0
1974;Outros;Bagaceira;424620
1974;Outros;Licor de bagaceira;0
1974;Outros;Vinagre;35300
1974;Outros;Borra líquida;5136979
1974;Outros;Borra seca;0
1974;Outros;Vinho Composto;0
1974;Outros;Pisco;0
1974;Outros;Vinho orgânico;0
1974;Outros;Espumante orgânico;0
1974;Outros;Destilado alcoólico simples de bagaceira;0
1974;Outros;Vinho acidificado;0
1974;Outros;Mosto parcialmente fermentado;0
1974;Outros;Outros derivados;0
1975;Vinho de Mesa;VINHO DE MESA;177401209
1975;Outros;Tinto;144274134
1975;Outros;Branco;1441507
1975;Outros;Rosado;31685568
1975;Vinho Fino de Mesa;VINHO FINO DE MESA (VINIFERA);39424590
1975;Outros;Tinto;14731106
1975;Outros;Branco;21933695
1975;Outros;Rosado;2759789
1975;Suco;SUCO;0
1975;Outros;Suco de uva integral;0
1975;Outros;Suco de uva concentrado;0
1975;Outros;Suco de uva adoçado;0
1975;Outros;Suco de uva orgânico;0
1975;Outros;Suco de uva reconstituído;0
1975;Derivados;DERIVADOS;53633143
1975;Outros;Espumante;0
1975;Outros;Espumante moscatel;0
1975;Outros;Base espumante;0
1975;Outros;Base espumante moscatel;0
1975;Outros;Base Champenoise champanha;0
1975;Outros;Base Charmat champanha;0
1975;Outros;Bebida de uva;0
1975;Outros;Polpa de uva;0
1975;Outros;Mosto simples;48185206
1975;Outros;Mosto concentrado;0
1975;Outros;Mosto de uva com bagaço;0
1975;Outros;Mosto dessulfitado;0
1975;Outros;Mistelas;223000
1975;Outros;Néctar de uva;0
1975;Outros;Licorosos;24000
1975;Outros;Compostos;0
1975;Outros;Jeropiga;0
1975;Outros;Filtrado;0
1975;Outros;Frisante;0
1975;Outros;Vinho leve;0
1975;Outros;Vinho licoroso;0
1975;Outros;Brandy;0
1975;Outros;Destilado;0
1975;Outros;Bagaceira;576098
1975;Outros;Licor de bagaceira;0
1975;Outros;Vinagre;0
1975;Outros;Borra líquida;4624839
1975;Outros;Borra seca;0
1975;Outros;Vinho Composto;0
1975;Outros;Pisco;0
1975;Outros;Vinho orgânico;0
1975;Outros;Espumante orgânico;0
1975;Outros;Destilado alcoólico simples de bagaceira;0
1975;Outros;Vinho acidificado;0
1975;Outros;Mosto parcialmente fermentado;0
1975;Outros;Outros derivados;0
1976;Vinho de Mesa;VINHO DE MESA;144565438
1976;Outros;Tinto;118360170
1976;Outros;Branco;1871473
1976;Outros;Rosado;24333795
1976;Vinho Fino de Mesa;VINHO FINO DE MESA (VINIFERA);34500590
1976;Outros;Tinto;12405154
1976;Outros;Branco;19874659
1976;Outros;Rosado;2220777
1976;Suco;SUCO;0
1976;Outros;Suco de uva integral;0
1976;Outros;Suco de uva concentrado;0
1976;Outros;Suco de uva adoçado;0
1976;Outros;Suco de uva orgânico;0
1976;Outros;Suco de uva reconstituído;0
1976;Derivados;DERIVADOS;22925012
1976;Outros;Espumante;0
1976;Outros;Espumante moscatel;0
1976;Outros;Base espumante;0
1976;Outros;Base espumante moscatel;0
1976;Outros;Base Champenoise champanha;0
1976;Outros;Base Charmat champanha;0
1976;Outros;Bebida de uva;0
1976;Outros;Polpa de uva;0
1976;Outros;Mosto simples;18220527
1976;Outros;Mosto concentrado;0
1976;Outros;Mosto de uva com bagaço;0
1976;Outros;Mosto dessulfitado;0
1976;Outros;Mistelas;205500
1976;Outros;Néctar de uva;0
1976;Outros;Licorosos;4400
1976;Outros;Compostos;0
1976;Outros;Jeropiga;107500
1976;Outros;Filtrado;0
1976;Outros;Frisante;0
1976;Outros;Vinho leve;0
1976;Outros;Vinho licoroso;0
1976;Outros;Brandy;0
1976;Outros;Destilado;0
1976;Outros;Bagaceira;705912
1976;Outros;Licor de bagaceira;0
1976;Outros;Vinagre;288000
1976;Outros;Borra líquida;3393173
1976;Outros;Borra seca;0
1976;Outros;Vinho Composto;0
1976;Outros;Pisco;0
1976;Outros;Vinho orgânico;0
1976;Outros;Espumante orgânico;0
1976;Outros;Destilado alcoólico simples de bagaceira;0
1976;Outros;Vinho acidificado;0
1976;Outros;Mosto parcialmente fermentado;0
1976;Outros;Outros derivados;0
1977;Vinho de Mesa;VINHO DE MESA;195359778
1977;Outros;Tinto;154801826
1977;Outros;Branco;4954387
1977;Outros;Rosado;35603565
1977;Vinho Fino de Mesa;VINHO FINO DE MESA (VINIFERA);41264971
1977;Outros;Tinto;16131758
1977;Outros;Branco;20409231
1977;Outros;Rosado;4723982
1977;Suco;SUCO;0
1977;Outros;Suco de uva integral;0
1977;Outros;Suco de uva concentrado;0
1977;Outros;Suco de uva adoçado;0
1977;Outros;Suco de uva orgânico;0
1977;Outros;Suco de uva reconstituído;0
1977;Derivados;DERIVADOS;24015856
1977;Outros;Espumante;0
1977;Outros;Espumante moscatel;0
1977;Outros;Base espumante;0
1977;Outros;Base espumante moscatel;0
1977;Outros;Base Champenoise champanha;0
1977;Outros;Base Charmat champanha;0
1977;Outros;Bebida de uva;0
1977;Outros;Polpa de uva;0
1977;Outros;Mosto simples;22097156
1977;Outros;Mosto concentrado;0
1977;Outros;Mosto de uva com bagaço;0
1977;Outros;Mosto dessulfitado;0
1977;Outros;Mistelas;553200
1977;Outros;Néctar de uva;0
1977;Outros;Licorosos;525000
1977;Outros;Compostos;0
1977;Outros;Jeropiga;12500
1977;Outros;Filtrado;0
1977;Outros;Frisante;0
1977;Outros;Vinho leve;0
1977;Outros;Vinho licoroso;0
1977;Outros;Brandy;0
1977;Outros;Destilado;0
1977;Outros;Bagaceira;828000
1977;Outros;Licor de bagaceira;0
1977;Outros;Vinagre;0
1977;Outros;Borra líquida;0
1977;Outros;Borra seca;0
1977;Outros;Vinho Composto;0
1977;Outros;Pisco;0
1977;Outros;Vinho orgânico;0
1977;Outros;Espumante orgânico;0
1977;Outros;Destilado alcoólico simples de bagaceira;0
1977;Outros;Vinho acidificado;0
1977;Outros;Mosto parcialmente fermentado;0
1977;Outros;Outros derivados;0
1978;Vinho de Mesa;VINHO DE MESA;200053669
1978;Outros;Tinto;162917363
1978;Outros;Branco;5079748
1978;Outros;Rosado;32056558
1978;Vinho Fino de Mesa;VINHO FINO DE MESA (VINIFERA);36750933
1978;Outros;Tinto;15000671
1978;Outros;Branco;17640081
1978;Outros;Rosado;4110181
1978;Suco;SUCO;0
1978;Outros;Suco de uva integral;0
1978;Outros;Suco de uva concentrado;0
1978;Outros;Suco de uva adoçado;0
1978;Outros;Suco de uva orgânico;0
1978;Outros;Suco de uva reconstituído;0
1978;Derivados;DERIVADOS;41607777
1978;Outros;Espumante;0
1978;Outros;Espumante moscatel;0
1978;Outros;Base espumante;0
1978;Outros;Base espumante moscatel;0
1978;Outros;Base Champenoise champanha;0
1978;Outros;Base Charmat champanha;0
1978;Outros;Bebida de uva;0
1978;Outros;Polpa de uva;0
1978;Outros;Mosto simples;40052456
1978;Outros;Mosto concentrado;0
1978;Outros;Mosto de uva com bagaço;0
1978;Outros;Mosto dessulfitado;0
1978;Outros;Mistelas;242150
1978;Outros;Néctar de uva;0
1978;Outros;Licorosos;479971
1978;Outros;Compostos;75000
1978;Outros;Jeropiga;60000
1978;Outros;Filtrado;0
1978;Outros;Frisante;0
1978;Outros;Vinho leve;0
1978;Outros;Vinho licoroso;0
1978;Outros;Brandy;0
1978;Outros;Destilado;0
1978;Outros;Bagaceira;698200
1978;Outros;Licor de bagaceira;0
1978;Outros;Vinagre;0
1978;Outros;Borra líquida;0
1978;Outros;Borra seca;0
1978;Outros;Vinho Composto;0
1978;Outros;Pisco;0
1978;Outros;Vinho orgânico;0
1978;Outros;Espumante orgânico;0
1978;Outros;Destilado alcoólico simples de bagaceira;0
1978;Outros;Vinho acidificado;0
1978;Outros;Mosto parcialmente fermentado;0
1978;Outros;Outros derivados;0
1979;Vinho de Mesa;VINHO DE MESA;211252982
1979;Outros;Tinto;154736439
1979;Outros;Branco;7146395
1979;Outros;Rosado;49370148
1979;Vinho Fino de Mesa;VINHO FINO DE MESA (VINIFERA);46129710
1979;Outros;Tinto;14356453
1979;Outros;Branco;25727132
1979;Outros;Rosado;6046125
1979;Suco;SUCO;0
1979;Outros;Suco de uva integral;0
1979;Outros;Suco de uva concentrado;0
1979;Outros;Suco de uva adoçado;0
1979;Outros;Suco de uva orgânico;0
1979;Outros;Suco de uva reconstituído;0
1979;Derivados;DERIVADOS;35370846
1979;Outros;Espumante;0
1979;Outros;Espumante moscatel;0
1979;Outros;Base espumante;0
1979;Outros;Base espumante moscatel;0
1979;Outros;Base Champenoise champanha;0
1979;Outros;Base Charmat champanha;0
1979;Outros;Bebida de uva;0
1979;Outros;Polpa de uva;0
1979;Outros;Mosto simples;34318456
1979;Outros;Mosto concentrado;0
1979;Outros;Mosto de uva com bagaço;0
1979;Outros;Mosto dessulfitado;0
1979;Outros;Mistelas;60300
1979;Outros;Néctar de uva;0
1979;Outros;Licorosos;34000
1979;Outros;Compostos;0
1979;Outros;Jeropiga;20000
1979;Outros;Filtrado;0
1979;Outros;Frisante;0
1979;Outros;Vinho leve;0
1979;Outros;Vinho licoroso;0
1979;Outros;Brandy;0
1979;Outros;Destilado;0
1979;Outros;Bagaceira;938090
1979;Outros;Licor de bagaceira;0
1979;Outros;Vinagre;0
1979;Outros;Borra líquida;0
1979;Outros;Borra seca;0
1979;Outros;Vinho Composto;0
1979;Outros;Pisco;0
1979;Outros;Vinho orgânico;0
1979;Outros;Espumante orgânico;0
1979;Outros;Destilado alcoólico simples de bagaceira;0
1979;Outros;Vinho acidificado;0
1979;Outros;Mosto parcialmente fermentado;0
1979;Outros;Outros derivados;0
1980;Vinho de Mesa;VINHO DE MESA;130308185
1980;Outros;Tinto;101659755
1980;Outros;Branco;5363452
1980;Outros;Rosado;23284978
1980;Vinho Fino de Mesa;VINHO FINO DE MESA (VINIFERA);31740663
1980;Outros;Tinto;9296741
1980;Outros;Branco;19326572
1980;Outros;Rosado;3117350
1980;Suco;SUCO;0
1980;Outros;Suco de uva integral;0
1980;Outros;Suco de uva concentrado;0
1980;Outros;Suco de uva adoçado;0
1980;Outros;Suco de uva orgânico;0
1980;Outros;Suco de uva reconstituído;0
1980;Derivados;DERIVADOS;37553414
1980;Outros;Espumante;0
1980;Outros;Espumante moscatel;0
1980;Outros;Base espumante;0
1980;Outros;Base espumante moscatel;0
1980;Outros;Base Champenoise champanha;0
1980;Outros;Base Charmat champanha;0
1980;Outros;Bebida de uva;0
1980;Outros;Polpa de uva;0
1980;Outros;Mosto simples;37553414
1980;Outros;Mosto concentrado;0
1980;Outros;Mosto de uva com bagaço;0
1980;Outros;Mosto dessulfitado;0
1980;Outros;Mistelas;0
1980;Outros;Néctar de uva;0
1980;Outros;Licorosos;0
1980;Outros;Compostos;0
1980;Outros;Jeropiga;0
1980;Outros;Filtrado;0
1980;Outros;Frisante;0
1980;Outros;Vinho leve;0
1980;Outros;Vinho licoroso;0
1980;Outros;Brandy;0
1980;Outros;Destilado;0
1980;Outros;Bagaceira;0
1980;Outros;Licor de bagaceira;0
1980;Outros;Vinagre;0
1980;Outros;Borra líquida;0
1980;Outros;Borra seca;0
1980;Outros;Vinho Composto;0
1980;Outros;Pisco;0
1980;Outros;Vinho orgânico;0
1980;Outros;Espumante orgânico;0
1980;Outros;Destilado alcoólico simples de bagaceira;0
1980;Outros;Vinho acidificado;0
1980;Outros;Mosto parcialmente fermentado;0
1980;Outros;Outros derivados;0
1981;Vinho de Mesa;VINHO DE MESA;186129728
1981;Outros;Tinto;134156175
1981;Outros;Branco;12547739
1981;Outros;Rosado;39425814
1981;Vinho Fino de Mesa;VINHO FINO DE MESA (VINIFERA);49348047
1981;Outros;Tinto;16036963
1981;Outros;Branco;27528276
1981;Outros;Rosado;5782808
1981;Suco;SUCO;0
1981;Outros;Suco de uva integral;0
1981;Outros;Suco de uva concentrado;0
1981;Outros;Suco de uva adoçado;0
1981;Outros;Suco de uva orgânico;0
1981;Outros;Suco de uva reconstituído;0
1981;Derivados;DERIVADOS;52530037
1981;Outros;Espumante;0
1981;Outros;Espumante moscatel;0
1981;Outros;Base espumante;0
1981;Outros;Base espumante moscatel;0
1981;Outros;Base Champenoise champanha;0
1981;Outros;Base Charmat champanha;0
1981;Outros;Bebida de uva;0
1981;Outros;Polpa de uva;0
1981;Outros;Mosto simples;48762185
1981;Outros;Mosto concentrado;0
1981;Outros;Mosto de uva com bagaço;0
1981;Outros;Mosto dessulfitado;0
1981;Outros;Mistelas;0
1981;Outros;Néctar de uva;0
1981;Outros;Licorosos;0
1981;Outros;Compostos;0
1981;Outros;Jeropiga;0
1981;Outros;Filtrado;0
1981;Outros;Frisante;0
1981;Outros;Vinho leve;0
1981;Outros;Vinho licoroso;0
1981;Outros;Brandy;0
1981;Outros;Destilado;0
1981;Outros;Bagaceira;0
1981;Outros;Licor de bagaceira;0
1981;Outros;Vinagre;0
1981;Outros;Borra líquida;3767852
1981;Outros;Borra seca;0
1981;Outros;Vinho Composto;0
1981;Outros;Pisco;0
1981;Outros;Vinho orgânico;0
1981;Outros;Espumante orgânico;0
1981;Outros;Destilado alcoólico simples de bagaceira;0
1981;Outros;Vinho acidificado;0
1981;Outros;Mosto parcialmente fermentado;0
1981;Outros;Outros derivados;0
1982;Vinho de Mesa;VINHO DE MESA;234754564
1982;Outros;Tinto;183349460
1982;Outros;Branco;15782499
1982;Outros;Rosado;35622605
1982;Vinho Fino de Mesa;VINHO FINO DE MESA (VINIFERA);57453581
1982;Outros;Tinto;19987588
1982;Outros;Branco;34423412
1982;Outros;Rosado;3042581
1982;Suco;SUCO;0
1982;Outros;Suco de uva integral;0
1982;Outros;Suco de uva concentrado;0
1982;Outros;Suco de uva adoçado;0
1982;Outros;Suco de uva orgânico;0
1982;Outros;Suco de uva reconstituído;0
1982;Derivados;DERIVADOS;37506770
1982;Outros;Espumante;0
1982;Outros;Espumante moscatel;0
1982;Outros;Base espumante;0
1982;Outros;Base espumante moscatel;0
1982;Outros;Base Champenoise champanha;0
1982;Outros;Base Charmat champanha;0
1982;Outros;Bebida de uva;0
1982;Outros;Polpa de uva;0
1982;Outros;Mosto simples;37506770
1982;Outros;Mosto concentrado;0
1982;Outros;Mosto de uva com bagaço;0
1982;Outros;Mosto dessulfitado;0
1982;Outros;Mistelas;0
1982;Outros;Néctar de uva;0
1982;Outros;Licorosos;0
1982;Outros;Compostos;0
1982;Outros;Jeropiga;0
1982;Outros;Filtrado;0
1982;Outros;Frisante;0
1982;Outros;Vinho leve;0
1982;Outros;Vinho licoroso;0
1982;Outros;Brandy;0
1982;Outros;Destilado;0
1982;Outros;Bagaceira;0
1982;Outros;Licor de bagaceira;0
1982;Outros;Vinagre;0
1982;Outros;Borra líquida;0
1982;Outros;Borra seca;0
1982;Outros;Vinho Composto;0
1982;Outros;Pisco;0
1982;Outros;Vinho orgânico;0
1982;Outros;Espumante orgânico;0
1982;Outros;Destilado alcoólico simples de bagaceira;0
1982;Outros;Vinho acidificado;0
1982;Outros;Mosto parcialmente fermentado;0
1982;Outros;Outros derivados;0
1983;Vinho de Mesa;VINHO DE MESA;120261544
1983;Outros;Tinto;87080528
1983;Outros;Branco;12191896
1983;Outros;Rosado;20989120
1983;Vinho Fino de Mesa;VINHO FINO DE MESA (VINIFERA);40616812
1983;Outros;Tinto;14340514
1983;Outros;Branco;24164361
1983;Outros;Rosado;2111937
1983;Suco;SUCO;0
1983;Outros;Suco de uva integral;0
1983;Outros;Suco de uva concentrado;0
1983;Outros;Suco de uva adoçado;0
1983;Outros;Suco de uva orgânico;0
1983;Outros;Suco de uva reconstituído;0
1983;Derivados;DERIVADOS;27314628
1983;Outros;Espumante;0
1983;Outros;Espumante moscatel;0
1983;Outros;Base espumante;0
1983;Outros;Base espumante moscatel;0
1983;Outros;Base Champenoise champanha;0
1983;Outros;Base Charmat champanha;0
1983;Outros;Bebida de uva;0
1983;Outros;Polpa de uva;0
1983;Outros;Mosto simples;27314628
1983;Outros;Mosto concentrado;0
1983;Outros;Mosto de uva com bagaço;0
1983;Outros;Mosto dessulfitado;0
1983;Outros;Mistelas;0
1983;Outros;Néctar de uva;0
1983;Outros;Licorosos;0
1983;Outros;Compostos;0
1983;Outros;Jeropiga;0
1983;Outros;Filtrado;0
1983;Outros;Frisante;0
1983;Outros;Vinho leve;0
1983;Outros;Vinho licoroso;0
1983;Outros;Brandy;0
1983;Outros;Destilado;0
1983;Outros;Bagaceira;0
1983;Outros;Licor de bagaceira;0
1983;Outros;Vinagre;0
1983;Outros;Borra líquida;0
1983;Outros;Borra seca;0
1983;Outros;Vinho Composto;0
1983;Outros;Pisco;0
1983;Outros;Vinho orgânico;0
1983;Outros;Espumante orgânico;0
1983;Outros;Destilado alcoólico simples de bagaceira;0
1983;Outros;Vinho acidificado;0
1983;Outros;Mosto parcialmente fermentado;0
1983;Outros;Outros derivados;0
1984;Vinho de Mesa;VINHO DE MESA;177680331
1984;Outros;Tinto;119615028
1984;Outros;Branco;19502230
1984;Outros;Rosado;38563073
1984;Vinho Fino de Mesa;VINHO FINO DE MESA (VINIFERA);48289279
1984;Outros;Tinto;15777602
1984;Outros;Branco;30395959
1984;Outros;Rosado;2115718
1984;Suco;SUCO;0
1984;Outros;Suco de uva integral;0
1984;Outros;Suco de uva concentrado;0
1984;Outros;Suco de uva adoçado;0
1984;Outros;Suco de uva orgânico;0
1984;Outros;Suco de uva reconstituído;0
1984;Derivados;DERIVADOS;17331744
1984;Outros;Espumante;0
1984;Outros;Espumante moscatel;0
1984;Outros;Base espumante;0
1984;Outros;Base espumante moscatel;0
1984;Outros;Base Champenoise champanha;0
1984;Outros;Base Charmat champanha;0
1984;Outros;Bebida de uva;0
1984;Outros;Polpa de uva;0
1984;Outros;Mosto simples;17331744
1984;Outros;Mosto concentrado;0
1984;Outros;Mosto de uva com bagaço;0
1984;Outros;Mosto dessulfitado;0
1984;Outros;Mistelas;0
1984;Outros;Néctar de uva;0
1984;Outros;Licorosos;0
1984;Outros;Compostos;0
1984;Outros;Jeropiga;0
1984;Outros;Filtrado;0
1984;Outros;Frisante;0
1984;Outros;Vinho leve;0
1984;Outros;Vinho licoroso;0
1984;Outros;Brandy;0
1984;Outros;Destilado;0
1984;Outros;Bagaceira;0
1984;Outros;Licor de bagaceira;0
1984;Outros;Vinagre;0
1984;Outros;Borra líquida;0
1984;Outros;Borra seca;0
1984;Outros;Vinho Composto;0
1984;Outros;Pisco;0
1984;Outros;Vinho orgânico;0
1984;Outros;Espumante orgânico;0
1984;Outros;Destilado alcoólico simples de bagaceira;0
1984;Outros;Vinho acidificado;0
1984;Outros;Mosto parcialmente fermentado;0
1984;Outros;Outros derivados;0
1985;Vinho de Mesa;VINHO DE MESA;275338955
1985;Outros;Tinto;216732390
1985;Outros;Branco;23010666
1985;Outros;Rosado;35595899
1985;Vinho Fino de Mesa;VINHO FINO DE MESA (VINIFERA);67035393
1985;Outros;Tinto;19347979
1985;Outros;Branco;44679484
1985;Outros;Rosado;3007930
1985;Suco;SUCO;6631667
1985;Outros;Suco de uva integral;3544706
1985;Outros;Suco de uva concentrado;3086961
1985;Outros;Suco de uva adoçado;0
1985;Outros;Suco de uva orgânico;0
1985;Outros;Suco de uva reconstituído;0
1985;Derivados;DERIVADOS;17336419
1985;Outros;Espumante;0
1985;Outros;Espumante moscatel;0
1985;Outros;Base espumante;0
1985;Outros;Base espumante moscatel;0
1985;Outros;Base Champenoise champanha;0
1985;Outros;Base Charmat champanha;0
1985;Outros;Bebida de uva;0
1985;Outros;Polpa de uva;0
1985;Outros;Mosto simples;10637557
1985;Outros;Mosto concentrado;354707
1985;Outros;Mosto de uva com bagaço;0
1985;Outros;Mosto dessulfitado;0
1985;Outros;Mistelas;0
1985;Outros;Néctar de uva;0
1985;Outros;Licorosos;0
1985;Outros;Compostos;0
1985;Outros;Jeropiga;234500
1985;Outros;Filtrado;0
1985;Outros;Frisante;0
1985;Outros;Vinho leve;0
1985;Outros;Vinho licoroso;0
1985;Outros;Brandy;13000
1985;Outros;Destilado;342650
1985;Outros;Bagaceira;299500
1985;Outros;Licor de bagaceira;0
1985;Outros;Vinagre;104707
1985;Outros;Borra líquida;5095798
1985;Outros;Borra seca;0
1985;Outros;Vinho Composto;0
1985;Outros;Pisco;0
1985;Outros;Vinho orgânico;254000
1985;Outros;Espumante orgânico;0
1985;Outros;Destilado alcoólico simples de bagaceira;0
1985;Outros;Vinho acidificado;0
1985;Outros;Mosto parcialmente fermentado;0
1985;Outros;Outros derivados;0
1986;Vinho de Mesa;VINHO DE MESA;157711522
1986;Outros;Tinto;118766694
1986;Outros;Branco;16872183
1986;Outros;Rosado;22072645
1986;Vinho Fino de Mesa;VINHO FINO DE MESA (VINIFERA);48559180
1986;Outros;Tinto;12282967
1986;Outros;Branco;34794145
1986;Outros;Rosado;1482068
1986;Suco;SUCO;4313768
1986;Outros;Suco de uva integral;2116507
1986;Outros;Suco de uva concentrado;2197261
1986;Outros;Suco de uva adoçado;0
1986;Outros;Suco de uva orgânico;0
1986;Outros;Suco de uva reconstituído;0
1986;Derivados;DERIVADOS;14785645
1986;Outros;Espumante;0
1986;Outros;Espumante moscatel;0
1986;Outros;Base espumante;0
1986;Outros;Base espumante moscatel;0
1986;Outros;Base Champenoise champanha;0
1986;Outros;Base Charmat champanha;0
1986;Outros;Bebida de uva;0
1986;Outros;Polpa de uva;0
1986;Outros;Mosto simples;7031320
1986;Outros;Mosto concentrado;295800
1986;Outros;Mosto de uva com bagaço;0
1986;Outros;Mosto dessulfitado;0
1986;Outros;Mistelas;378400
1986;Outros;Néctar de uva;0
1986;Outros;Licorosos;0
1986;Outros;Compostos;0
1986;Outros;Jeropiga;173000
1986;Outros;Filtrado;0
1986;Outros;Frisante;0
1986;Outros;Vinho leve;0
1986;Outros;Vinho licoroso;0
1986;Outros;Brandy;0
1986;Outros;Destilado;222230
1986;Outros;Bagaceira;156100
1986;Outros;Licor de bagaceira;0
1986;Outros;Vinagre;0
1986;Outros;Borra líquida;6357648
1986;Outros;Borra seca;0
1986;Outros;Vinho Composto;0
1986;Outros;Pisco;0
1986;Outros;Vinho orgânico;171147
1986;Outros;Espumante orgânico;0
1986;Outros;Destilado alcoólico simples de bagaceira;0
1986;Outros;Vinho acidificado;0
1986;Outros;Mosto parcialmente fermentado;0
1986;Outros;Outros derivados;0
1987;Vinho de Mesa;VINHO DE MESA;150467184
1987;Outros;Tinto;97841160
1987;Outros;Branco;27497857
1987;Outros;Rosado;25128167
1987;Vinho Fino de Mesa;VINHO FINO DE MESA (VINIFERA);47301266
1987;Outros;Tinto;10920073
1987;Outros;Branco;35432544
1987;Outros;Rosado;948649
1987;Suco;SUCO;5469016
1987;Outros;Suco de uva integral;2262240
1987;Outros;Suco de uva concentrado;3206776
1987;Outros;Suco de uva adoçado;0
1987;Outros;Suco de uva orgânico;0
1987;Outros;Suco de uva reconstituído;0
1987;Derivados;DERIVADOS;14905862
1987;Outros;Espumante;0
1987;Outros;Espumante moscatel;0
1987;Outros;Base espumante;0
1987;Outros;Base espumante moscatel;0
1987;Outros;Base Champenoise champanha;0
1987;Outros;Base Charmat champanha;0
1987;Outros;Bebida de uva;0
1987;Outros;Polpa de uva;0
1987;Outros;Mosto simples;7821040
1987;Outros;Mosto concentrado;400500
1987;Outros;Mosto de uva com bagaço;0
1987;Outros;Mosto dessulfitado;0
1987;Outros;Mistelas;402600
1987;Outros;Néctar de uva;0
1987;Outros;Licorosos;0
1987;Outros;Compostos;0
1987;Outros;Jeropiga;122000
1987;Outros;Filtrado;0
1987;Outros;Frisante;0
1987;Outros;Vinho leve;0
1987;Outros;Vinho licoroso;0
1987;Outros;Brandy;0
1987;Outros;Destilado;472576
1987;Outros;Bagaceira;325600
1987;Outros;Licor de bagaceira;0
1987;Outros;Vinagre;0
1987;Outros;Borra líquida;5142446
1987;Outros;Borra seca;0
1987;Outros;Vinho Composto;0
1987;Outros;Pisco;0
1987;Outros;Vinho orgânico;219100
1987;Outros;Espumante orgânico;0
1987;Outros;Destilado alcoólico simples de bagaceira;0
1987;Outros;Vinho acidificado;0
1987;Outros;Mosto parcialmente fermentado;0
1987;Outros;Outros derivados;0
1988;Vinho de Mesa;VINHO DE MESA;244791058
1988;Outros;Tinto;173747942
1988;Outros;Branco;32660045
1988;Outros;Rosado;38383071
1988;Vinho Fino de Mesa;VINHO FINO DE MESA (VINIFERA);76560765
1988;Outros;Tinto;18690518
1988;Outros;Branco;56441847
1988;Outros;Rosado;1428400
1988;Suco;SUCO;7586870
1988;Outros;Suco de uva integral;2018000
1988;Outros;Suco de uva concentrado;5568870
1988;Outros;Suco de uva adoçado;0
1988;Outros;Suco de uva orgânico;0
1988;Outros;Suco de uva reconstituído;0
1988;Derivados;DERIVADOS;19644584
1988;Outros;Espumante;76000
1988;Outros;Espumante moscatel;0
1988;Outros;Base espumante;0
1988;Outros;Base espumante moscatel;0
1988;Outros;Base Champenoise champanha;0
1988;Outros;Base Charmat champanha;0
1988;Outros;Bebida de uva;0
1988;Outros;Polpa de uva;0
1988;Outros;Mosto simples;16544460
1988;Outros;Mosto concentrado;384200
1988;Outros;Mosto de uva com bagaço;0
1988;Outros;Mosto dessulfitado;0
1988;Outros;Mistelas;196000
1988;Outros;Néctar de uva;0
1988;Outros;Licorosos;3000
1988;Outros;Compostos;2000
1988;Outros;Jeropiga;61000
1988;Outros;Filtrado;88000
1988;Outros;Frisante;0
1988;Outros;Vinho leve;0
1988;Outros;Vinho licoroso;0
1988;Outros;Brandy;5216
1988;Outros;Destilado;287220
1988;Outros;Bagaceira;29000
1988;Outros;Licor de bagaceira;0
1988;Outros;Vinagre;0
1988;Outros;Borra líquida;1953488
1988;Outros;Borra seca;0
1988;Outros;Vinho Composto;0
1988;Outros;Pisco;0
1988;Outros;Vinho orgânico;15000
1988;Outros;Espumante orgânico;0
1988;Outros;Destilado alcoólico simples de bagaceira;0
1988;Outros;Vinho acidificado;0
1988;Outros;Mosto parcialmente fermentado;0
1988;Outros;Outros derivados;0
1989;Vinho de Mesa;VINHO DE MESA;181801961
1989;Outros;Tinto;136931173
1989;Outros;Branco;24603265
1989;Outros;Rosado;20267523
1989;Vinho Fino de Mesa;VINHO FINO DE MESA (VINIFERA);72772144
1989;Outros;Tinto;16140751
1989;Outros;Branco;54983093
1989;Outros;Rosado;1648300
1989;Suco;SUCO;6923183
1989;Outros;Suco de uva integral;2824600
1989;Outros;Suco de uva concentrado;4098583
1989;Outros;Suco de uva adoçado;0
1989;Outros;Suco de uva orgânico;0
1989;Outros;Suco de uva reconstituído;0
1989;Derivados;DERIVADOS;12004574
1989;Outros;Espumante;0
1989;Outros;Espumante moscatel;0
1989;Outros;Base espumante;0
1989;Outros;Base espumante moscatel;0
1989;Outros;Base Champenoise champanha;0
1989;Outros;Base Charmat champanha;0
1989;Outros;Bebida de uva;0
1989;Outros;Polpa de uva;0
1989;Outros;Mosto simples;8141100
1989;Outros;Mosto concentrado;732470
1989;Outros;Mosto de uva com bagaço;0
1989;Outros;Mosto dessulfitado;0
1989;Outros;Mistelas;32000
1989;Outros;Néctar de uva;0
1989;Outros;Licorosos;20000
1989;Outros;Compostos;1900
1989;Outros;Jeropiga;42000
1989;Outros;Filtrado;39000
1989;Outros;Frisante;0
1989;Outros;Vinho leve;249000
1989;Outros;Vinho licoroso;0
1989;Outros;Brandy;6500
1989;Outros;Destilado;176800
1989;Outros;Bagaceira;52000
1989;Outros;Licor de bagaceira;0
1989;Outros;Vinagre;0
1989;Outros;Borra líquida;2426804
1989;Outros;Borra seca;0
1989;Outros;Vinho Composto;0
1989;Outros;Pisco;0
1989;Outros;Vinho orgânico;85000
1989;Outros;Espumante orgânico;0
1989;Outros;Destilado alcoólico simples de bagaceira;0
1989;Outros;Vinho acidificado;0
1989;Outros;Mosto parcialmente fermentado;0
1989;Outros;Outros derivados;0
1990;Vinho de Mesa;VINHO DE MESA;210548199
1990;Outros;Tinto;154359897
1990;Outros;Branco;33512030
1990;Outros;Rosado;22676272
1990;Vinho Fino de Mesa;VINHO FINO DE MESA (VINIFERA);73689124
1990;Outros;Tinto;17750504
1990;Outros;Branco;52080420
1990;Outros;Rosado;3858200
1990;Suco;SUCO;10423252
1990;Outros;Suco de uva integral;2848560
1990;Outros;Suco de uva concentrado;7574692
1990;Outros;Suco de uva adoçado;0
1990;Outros;Suco de uva orgânico;0
1990;Outros;Suco de uva reconstituído;0
1990;Derivados;DERIVADOS;16191621
1990;Outros;Espumante;0
1990;Outros;Espumante moscatel;0
1990;Outros;Base espumante;0
1990;Outros;Base espumante moscatel;0
1990;Outros;Base Champenoise champanha;0
1990;Outros;Base Charmat champanha;0
1990;Outros;Bebida de uva;0
1990;Outros;Polpa de uva;0
1990;Outros;Mosto simples;13307690
1990;Outros;Mosto concentrado;1098250
1990;Outros;Mosto de uva com bagaço;0
1990;Outros;Mosto dessulfitado;0
1990;Outros;Mistelas;149000
1990;Outros;Néctar de uva;0
1990;Outros;Licorosos;24300
1990;Outros;Compostos;0
1990;Outros;Jeropiga;0
1990;Outros;Filtrado;11000
1990;Outros;Frisante;0
1990;Outros;Vinho leve;264000
1990;Outros;Vinho licoroso;0
1990;Outros;Brandy;0
1990;Outros;Destilado;0
1990;Outros;Bagaceira;55000
1990;Outros;Licor de bagaceira;0
1990;Outros;Vinagre;0
1990;Outros;Borra líquida;1282381
1990;Outros;Borra seca;0
1990;Outros;Vinho Composto;0
1990;Outros;Pisco;0
1990;Outros;Vinho orgânico;0
1990;Outros;Espumante orgânico;0
1990;Outros;Destilado alcoólico simples de bagaceira;0
1990;Outros;Vinho acidificado;0
1990;Outros;Mosto parcialmente fermentado;0
1990;Outros;Outros derivados;0
1991;Vinho de Mesa;VINHO DE MESA;126768254
1991;Outros;Tinto;90320836
1991;Outros;Branco;25046588
1991;Outros;Rosado;11400830
1991;Vinho Fino de Mesa;VINHO FINO DE MESA (VINIFERA);45519167
1991;Outros;Tinto;12001895
1991;Outros;Branco;33307472
1991;Outros;Rosado;209800
1991;Suco;SUCO;11324462
1991;Outros;Suco de uva integral;3609000
1991;Outros;Suco de uva concentrado;7715462
1991;Outros;Suco de uva adoçado;0
1991;Outros;Suco de uva orgânico;0
1991;Outros;Suco de uva reconstituído;0
1991;Derivados;DERIVADOS;20352398
1991;Outros;Espumante;0
1991;Outros;Espumante moscatel;0
1991;Outros;Base espumante;0
1991;Outros;Base espumante moscatel;0
1991;Outros;Base Champenoise champanha;0
1991;Outros;Base Charmat champanha;0
1991;Outros;Bebida de uva;0
1991;Outros;Polpa de uva;0
1991;Outros;Mosto simples;17407568
1991;Outros;Mosto concentrado;921400
1991;Outros;Mosto de uva com bagaço;0
1991;Outros;Mosto dessulfitado;0
1991;Outros;Mistelas;0
1991;Outros;Néctar de uva;0
1991;Outros;Licorosos;11500
1991;Outros;Compostos;0
1991;Outros;Jeropiga;0
1991;Outros;Filtrado;18000
1991;Outros;Frisante;0
1991;Outros;Vinho leve;192800
1991;Outros;Vinho licoroso;0
1991;Outros;Brandy;0
1991;Outros;Destilado;0
1991;Outros;Bagaceira;15000
1991;Outros;Licor de bagaceira;0
1991;Outros;Vinagre;0
1991;Outros;Borra líquida;1649130
1991;Outros;Borra seca;0
1991;Outros;Vinho Composto;0
1991;Outros;Pisco;0
1991;Outros;Vinho orgânico;137000
1991;Outros;Espumante orgânico;0
1991;Outros;Destilado alcoólico simples de bagaceira;0
1991;Outros;Vinho acidificado;0
1991;Outros;Mosto parcialmente fermentado;0
1991;Outros;Outros derivados;0
1992;Vinho de Mesa;VINHO DE MESA;163248419
1992;Outros;Tinto;118638894
1992;Outros;Branco;25446255
1992;Outros;Rosado;19163270
1992;Vinho Fino de Mesa;VINHO FINO DE MESA (VINIFERA);52612778
1992;Outros;Tinto;13449911
1992;Outros;Branco;38856367
1992;Outros;Rosado;306500
1992;Suco;SUCO;10797624
1992;Outros;Suco de uva integral;4033698
1992;Outros;Suco de uva concentrado;6763926
1992;Outros;Suco de uva adoçado;0
1992;Outros;Suco de uva orgânico;0
1992;Outros;Suco de uva reconstituído;0
1992;Derivados;DERIVADOS;29469940
1992;Outros;Espumante;11000
1992;Outros;Espumante moscatel;0
1992;Outros;Base espumante;0
1992;Outros;Base espumante moscatel;0
1992;Outros;Base Champenoise champanha;0
1992;Outros;Base Charmat champanha;0
1992;Outros;Bebida de uva;0
1992;Outros;Polpa de uva;0
1992;Outros;Mosto simples;27491540
1992;Outros;Mosto concentrado;288900
1992;Outros;Mosto de uva com bagaço;0
1992;Outros;Mosto dessulfitado;0
1992;Outros;Mistelas;0
1992;Outros;Néctar de uva;0
1992;Outros;Licorosos;7800
1992;Outros;Compostos;0
1992;Outros;Jeropiga;60000
1992;Outros;Filtrado;11000
1992;Outros;Frisante;0
1992;Outros;Vinho leve;144500
1992;Outros;Vinho licoroso;0
1992;Outros;Brandy;0
1992;Outros;Destilado;0
1992;Outros;Bagaceira;10000
1992;Outros;Licor de bagaceira;0
1992;Outros;Vinagre;45000
1992;Outros;Borra líquida;1400200
1992;Outros;Borra seca;0
1992;Outros;Vinho Composto;0
1992;Outros;Pisco;0
1992;Outros;Vinho orgânico;0
1992;Outros;Espumante orgânico;0
1992;Outros;Destilado alcoólico simples de bagaceira;0
1992;Outros;Vinho acidificado;0
1992;Outros;Mosto parcialmente fermentado;0
1992;Outros;Outros derivados;0
1993;Vinho de Mesa;VINHO DE MESA;171754995
1993;Outros;Tinto;125172218
1993;Outros;Branco;31986075
1993;Outros;Rosado;14596702
1993;Vinho Fino de Mesa;VINHO FINO DE MESA (VINIFERA);53054225
1993;Outros;Tinto;12119485
1993;Outros;Branco;40415898
1993;Outros;Rosado;518842
1993;Suco;SUCO;12031753
1993;Outros;Suco de uva integral;3800800
1993;Outros;Suco de uva concentrado;8230953
1993;Outros;Suco de uva adoçado;0
1993;Outros;Suco de uva orgânico;0
1993;Outros;Suco de uva reconstituído;0
1993;Derivados;DERIVADOS;17573100
1993;Outros;Espumante;0
1993;Outros;Espumante moscatel;0
1993;Outros;Base espumante;0
1993;Outros;Base espumante moscatel;0
1993;Outros;Base Champenoise champanha;0
1993;Outros;Base Charmat champanha;0
1993;Outros;Bebida de uva;0
1993;Outros;Polpa de uva;0
1993;Outros;Mosto simples;17218000
1993;Outros;Mosto concentrado;355100
1993;Outros;Mosto de uva com bagaço;0
1993;Outros;Mosto dessulfitado;0
1993;Outros;Mistelas;0
1993;Outros;Néctar de uva;0
1993;Outros;Licorosos;0
1993;Outros;Compostos;0
1993;Outros;Jeropiga;0
1993;Outros;Filtrado;0
1993;Outros;Frisante;0
1993;Outros;Vinho leve;0
1993;Outros;Vinho licoroso;0
1993;Outros;Brandy;0
1993;Outros;Destilado;0
1993;Outros;Bagaceira;0
1993;Outros;Licor de bagaceira;0
1993;Outros;Vinagre;0
1993;Outros;Borra líquida;0
1993;Outros;Borra seca;0
1993;Outros;Vinho Composto;0
1993;Outros;Pisco;0
1993;Outros;Vinho orgânico;0
1993;Outros;Espumante orgânico;0
1993;Outros;Destilado alcoólico simples de bagaceira;0
1993;Outros;Vinho acidificado;0
1993;Outros;Mosto parcialmente fermentado;0
1993;Outros;Outros derivados;0
1994;Vinho de Mesa;VINHO DE MESA;202073263
1994;Outros;Tinto;161479717
1994;Outros;Branco;28291853
1994;Outros;Rosado;12301693
1994;Vinho Fino de Mesa;VINHO FINO DE MESA (VINIFERA);58733741
1994;Outros;Tinto;15646861
1994;Outros;Branco;42419680
1994;Outros;Rosado;667200
1994;Suco;SUCO;13343721
1994;Outros;Suco de uva integral;3884000
1994;Outros;Suco de uva concentrado;9459721
1994;Outros;Suco de uva adoçado;0
1994;Outros;Suco de uva orgânico;0
1994;Outros;Suco de uva reconstituído;0
1994;Derivados;DERIVADOS;16053642
1994;Outros;Espumante;0
1994;Outros;Espumante moscatel;0
1994;Outros;Base espumante;0
1994;Outros;Base espumante moscatel;0
1994;Outros;Base Champenoise champanha;0
1994;Outros;Base Charmat champanha;0
1994;Outros;Bebida de uva;0
1994;Outros;Polpa de uva;0
1994;Outros;Mosto simples;10972700
1994;Outros;Mosto concentrado;335500
1994;Outros;Mosto de uva com bagaço;0
1994;Outros;Mosto dessulfitado;0
1994;Outros;Mistelas;0
1994;Outros;Néctar de uva;0
1994;Outros;Licorosos;0
1994;Outros;Compostos;0
1994;Outros;Jeropiga;0
1994;Outros;Filtrado;0
1994;Outros;Frisante;0
1994;Outros;Vinho leve;0
1994;Outros;Vinho licoroso;0
1994;Outros;Brandy;0
1994;Outros;Destilado;0
1994;Outros;Bagaceira;0
1994;Outros;Licor de bagaceira;0
1994;Outros;Vinagre;0
1994;Outros;Borra líquida;0
1994;Outros;Borra seca;0
1994;Outros;Vinho Composto;0
1994;Outros;Pisco;0
1994;Outros;Vinho orgânico;4745442
1994;Outros;Espumante orgânico;0
1994;Outros;Destilado alcoólico simples de bagaceira;0
1994;Outros;Vinho acidificado;0
1994;Outros;Mosto parcialmente fermentado;0
1994;Outros;Outros derivados;0
1995;Vinho de Mesa;VINHO DE MESA;214788304
1995;Outros;Tinto;167174017
1995;Outros;Branco;15472732
1995;Outros;Rosado;32141555
1995;Vinho Fino de Mesa;VINHO FINO DE MESA (VINIFERA);47126229
1995;Outros;Tinto;11924291
1995;Outros;Branco;34209738
1995;Outros;Rosado;992200
1995;Suco;SUCO;12893959
1995;Outros;Suco de uva integral;4123776
1995;Outros;Suco de uva concentrado;8770183
1995;Outros;Suco de uva adoçado;0
1995;Outros;Suco de uva orgânico;0
1995;Outros;Suco de uva reconstituído;0
1995;Derivados;DERIVADOS;23637100
1995;Outros;Espumante;0
1995;Outros;Espumante moscatel;0
1995;Outros;Base espumante;0
1995;Outros;Base espumante moscatel;0
1995;Outros;Base Champenoise champanha;0
1995;Outros;Base Charmat champanha;0
1995;Outros;Bebida de uva;0
1995;Outros;Polpa de uva;0
1995;Outros;Mosto simples;20917600
1995;Outros;Mosto concentrado;265000
1995;Outros;Mosto de uva com bagaço;0
1995;Outros;Mosto dessulfitado;0
1995;Outros;Mistelas;0
1995;Outros;Néctar de uva;0
1995;Outros;Licorosos;0
1995;Outros;Compostos;0
1995;Outros;Jeropiga;0
1995;Outros;Filtrado;0
1995;Outros;Frisante;0
1995;Outros;Vinho leve;0
1995;Outros;Vinho licoroso;0
1995;Outros;Brandy;0
1995;Outros;Destilado;0
1995;Outros;Bagaceira;0
1995;Outros;Licor de bagaceira;0
1995;Outros;Vinagre;0
1995;Outros;Borra líquida;0
1995;Outros;Borra seca;0
1995;Outros;Vinho Composto;0
1995;Outros;Pisco;0
1995;Outros;Vinho orgânico;2454500
1995;Outros;Espumante orgânico;0
1995;Outros;Destilado alcoólico simples de bagaceira;0
1995;Outros;Vinho acidificado;0
1995;Outros;Mosto parcialmente fermentado;0
1995;Outros;Outros derivados;0
1996;Vinho de Mesa;VINHO DE MESA;152917771
1996;Outros;Tinto;115896909
1996;Outros;Branco;24073622
1996;Outros;Rosado;12947240
1996;Vinho Fino de Mesa;VINHO FINO DE MESA (VINIFERA);45325058
1996;Outros;Tinto;12819866
1996;Outros;Branco;31893892
1996;Outros;Rosado;611300
1996;Suco;SUCO;9189900
1996;Outros;Suco de uva integral;2407900
1996;Outros;Suco de uva concentrado;6782000
1996;Outros;Suco de uva adoçado;0
1996;Outros;Suco de uva orgânico;0
1996;Outros;Suco de uva reconstituído;0
1996;Derivados;DERIVADOS;12754798
1996;Outros;Espumante;0
1996;Outros;Espumante moscatel;0
1996;Outros;Base espumante;0
1996;Outros;Base espumante moscatel;0
1996;Outros;Base Champenoise champanha;0
1996;Outros;Base Charmat champanha;0
1996;Outros;Bebida de uva;0
1996;Outros;Polpa de uva;0
1996;Outros;Mosto simples;12111372
1996;Outros;Mosto concentrado;292000
1996;Outros;Mosto de uva com bagaço;0
1996;Outros;Mosto dessulfitado;0
1996;Outros;Mistelas;0
1996;Outros;Néctar de uva;0
1996;Outros;Licorosos;0
1996;Outros;Compostos;0
1996;Outros;Jeropiga;0
1996;Outros;Filtrado;0
1996;Outros;Frisante;0
1996;Outros;Vinho leve;0
1996;Outros;Vinho licoroso;0
1996;Outros;Brandy;0
1996;Outros;Destilado;0
1996;Outros;Bagaceira;0
1996;Outros;Licor de bagaceira;0
1996;Outros;Vinagre;0
1996;Outros;Borra líquida;0
1996;Outros;Borra seca;0
1996;Outros;Vinho Composto;0
1996;Outros;Pisco;0
1996;Outros;Vinho orgânico;351426
1996;Outros;Espumante orgânico;0
1996;Outros;Destilado alcoólico simples de bagaceira;0
1996;Outros;Vinho acidificado;0
1996;Outros;Mosto parcialmente fermentado;0
1996;Outros;Outros derivados;0
1997;Vinho de Mesa;VINHO DE MESA;182816047
1997;Outros;Tinto;116458841
1997;Outros;Branco;41842945
1997;Outros;Rosado;24514261
1997;Vinho Fino de Mesa;VINHO FINO DE MESA (VINIFERA);46988414
1997;Outros;Tinto;12590647
1997;Outros;Branco;33792167
1997;Outros;Rosado;605600
1997;Suco;SUCO;13409014
1997;Outros;Suco de uva integral;2884969
1997;Outros;Suco de uva concentrado;10524045
1997;Outros;Suco de uva adoçado;0
1997;Outros;Suco de uva orgânico;0
1997;Outros;Suco de uva reconstituído;0
1997;Derivados;DERIVADOS;24553317
1997;Outros;Espumante;0
1997;Outros;Espumante moscatel;0
1997;Outros;Base espumante;0
1997;Outros;Base espumante moscatel;0
1997;Outros;Base Champenoise champanha;0
1997;Outros;Base Charmat champanha;0
1997;Outros;Bebida de uva;0
1997;Outros;Polpa de uva;0
1997;Outros;Mosto simples;19066000
1997;Outros;Mosto concentrado;490000
1997;Outros;Mosto de uva com bagaço;0
1997;Outros;Mosto dessulfitado;0
1997;Outros;Mistelas;0
1997;Outros;Néctar de uva;0
1997;Outros;Licorosos;0
1997;Outros;Compostos;0
1997;Outros;Jeropiga;0
1997;Outros;Filtrado;0
1997;Outros;Frisante;0
1997;Outros;Vinho leve;0
1997;Outros;Vinho licoroso;0
1997;Outros;Brandy;0
1997;Outros;Destilado;0
1997;Outros;Bagaceira;0
1997;Outros;Licor de bagaceira;0
1997;Outros;Vinagre;0
1997;Outros;Borra líquida;0
1997;Outros;Borra seca;0
1997;Outros;Vinho Composto;0
1997;Outros;Pisco;0
1997;Outros;Vinho orgânico;4997317
1997;Outros;Espumante orgânico;0
1997;Outros;Destilado alcoólico simples de bagaceira;0
1997;Outros;Vinho acidificado;0
1997;Outros;Mosto parcialmente fermentado;0
1997;Outros;Outros derivados;0
1998;Vinho de Mesa;VINHO DE MESA;150814943
1998;Outros;Tinto;102127865
1998;Outros;Branco;32140249
1998;Outros;Rosado;16546829
1998;Vinho Fino de Mesa;VINHO FINO DE MESA (VINIFERA);33898630
1998;Outros;Tinto;8716140
1998;Outros;Branco;24384090
1998;Outros;Rosado;798400
1998;Suco;SUCO;13904186
1998;Outros;Suco de uva integral;3904186
1998;Outros;Suco de uva concentrado;10000000
1998;Outros;Suco de uva adoçado;0
1998;Outros;Suco de uva orgânico;0
1998;Outros;Suco de uva reconstituído;0
1998;Derivados;DERIVADOS;14693351
1998;Outros;Espumante;0
1998;Outros;Espumante moscatel;0
1998;Outros;Base espumante;0
1998;Outros;Base espumante moscatel;0
1998;Outros;Base Champenoise champanha;0
1998;Outros;Base Charmat champanha;0
1998;Outros;Bebida de uva;0
1998;Outros;Polpa de uva;0
1998;Outros;Mosto simples;11046570
1998;Outros;Mosto concentrado;381000
1998;Outros;Mosto de uva com bagaço;0
1998;Outros;Mosto dessulfitado;0
1998;Outros;Mistelas;0
1998;Outros;Néctar de uva;0
1998;Outros;Licorosos;0
1998;Outros;Compostos;0
1998;Outros;Jeropiga;0
1998;Outros;Filtrado;0
1998;Outros;Frisante;0
1998;Outros;Vinho leve;0
1998;Outros;Vinho licoroso;0
1998;Outros;Brandy;0
1998;Outros;Destilado;0
1998;Outros;Bagaceira;0
1998;Outros;Licor de bagaceira;0
1998;Outros;Vinagre;0
1998;Outros;Borra líquida;0
1998;Outros;Borra seca;0
1998;Outros;Vinho Composto;0
1998;Outros;Pisco;0
1998;Outros;Vinho orgânico;3265781
1998;Outros;Espumante orgânico;0
1998;Outros;Destilado alcoólico simples de bagaceira;0
1998;Outros;Vinho acidificado;0
1998;Outros;Mosto parcialmente fermentado;0
1998;Outros;Outros derivados;0
1999;Vinho de Mesa;VINHO DE MESA;226520776
1999;Outros;Tinto;168149414
1999;Outros;Branco;42528150
1999;Outros;Rosado;15843212
1999;Vinho Fino de Mesa;VINHO FINO DE MESA (VINIFERA);45830497
1999;Outros;Tinto;14640657
1999;Outros;Branco;30674840
1999;Outros;Rosado;515000
1999;Suco;SUCO;15532303
1999;Outros;Suco de uva integral;4132303
1999;Outros;Suco de uva concentrado;11400000
1999;Outros;Suco de uva adoçado;0
1999;Outros;Suco de uva orgânico;0
1999;Outros;Suco de uva reconstituído;0
1999;Derivados;DERIVADOS;23422306
1999;Outros;Espumante;6900
1999;Outros;Espumante moscatel;0
1999;Outros;Base espumante;0
1999;Outros;Base espumante moscatel;0
1999;Outros;Base Champenoise champanha;0
1999;Outros;Base Charmat champanha;0
1999;Outros;Bebida de uva;0
1999;Outros;Polpa de uva;0
1999;Outros;Mosto simples;14359734
1999;Outros;Mosto concentrado;411354
1999;Outros;Mosto de uva com bagaço;0
1999;Outros;Mosto dessulfitado;0
1999;Outros;Mistelas;0
1999;Outros;Néctar de uva;0
1999;Outros;Licorosos;44740
1999;Outros;Compostos;0
1999;Outros;Jeropiga;0
1999;Outros;Filtrado;0
1999;Outros;Frisante;0
1999;Outros;Vinho leve;0
1999;Outros;Vinho licoroso;0
1999;Outros;Brandy;0
1999;Outros;Destilado;7350
1999;Outros;Bagaceira;0
1999;Outros;Licor de bagaceira;0
1999;Outros;Vinagre;0
1999;Outros;Borra líquida;0
1999;Outros;Borra seca;0
1999;Outros;Vinho Composto;0
1999;Outros;Pisco;0
1999;Outros;Vinho orgânico;8592228
1999;Outros;Espumante orgânico;0
1999;Outros;Destilado alcoólico simples de bagaceira;0
1999;Outros;Vinho acidificado;0
1999;Outros;Mosto parcialmente fermentado;0
1999;Outros;Outros derivados;0
2000;Vinho de Mesa;VINHO DE MESA;273025576
2000;Outros;Tinto;208242670
2000;Outros;Branco;44902276
2000;Outros;Rosado;19880630
2000;Vinho Fino de Mesa;VINHO FINO DE MESA (VINIFERA);56209739
2000;Outros;Tinto;18545613
2000;Outros;Branco;36955126
2000;Outros;Rosado;709000
2000;Suco;SUCO;17722779
2000;Outros;Suco de uva integral;3546779
2000;Outros;Suco de uva concentrado;14176000
2000;Outros;Suco de uva adoçado;0
2000;Outros;Suco de uva orgânico;0
2000;Outros;Suco de uva reconstituído;0
2000;Derivados;DERIVADOS;25959016
2000;Outros;Espumante;71410
2000;Outros;Espumante moscatel;0
2000;Outros;Base espumante;0
2000;Outros;Base espumante moscatel;0
2000;Outros;Base Champenoise champanha;0
2000;Outros;Base Charmat champanha;0
2000;Outros;Bebida de uva;0
2000;Outros;Polpa de uva;0
2000;Outros;Mosto simples;16192018
2000;Outros;Mosto concentrado;0
2000;Outros;Mosto de uva com bagaço;0
2000;Outros;Mosto dessulfitado;0
2000;Outros;Mistelas;33000
2000;Outros;Néctar de uva;0
2000;Outros;Licorosos;21000
2000;Outros;Compostos;0
2000;Outros;Jeropiga;0
2000;Outros;Filtrado;0
2000;Outros;Frisante;0
2000;Outros;Vinho leve;0
2000;Outros;Vinho licoroso;0
2000;Outros;Brandy;0
2000;Outros;Destilado;1960
2000;Outros;Bagaceira;12700
2000;Outros;Licor de bagaceira;0
2000;Outros;Vinagre;0
2000;Outros;Borra líquida;9626928
2000;Outros;Borra seca;0
2000;Outros;Vinho Composto;0
2000;Outros;Pisco;0
2000;Outros;Vinho orgânico;0
2000;Outros;Espumante orgânico;0
2000;Outros;Destilado alcoólico simples de bagaceira;0
2000;Outros;Vinho acidificado;0
2000;Outros;Mosto parcialmente fermentado;0
2000;Outros;Outros derivados;0
2001;Vinho de Mesa;VINHO DE MESA;228932458
2001;Outros;Tinto;175267437
2001;Outros;Branco;44322836
2001;Outros;Rosado;9342185
2001;Vinho Fino de Mesa;VINHO FINO DE MESA (VINIFERA);34159277
2001;Outros;Tinto;13587683
2001;Outros;Branco;20393594
2001;Outros;Rosado;178000
2001;Suco;SUCO;17987182
2001;Outros;Suco de uva integral;5196430
2001;Outros;Suco de uva concentrado;12790752
2001;Outros;Suco de uva adoçado;0
2001;Outros;Suco de uva orgânico;0
2001;Outros;Suco de uva reconstituído;0
2001;Derivados;DERIVADOS;15498842
2001;Outros;Espumante;0
2001;Outros;Espumante moscatel;276099
2001;Outros;Base espumante;0
2001;Outros;Base espumante moscatel;0
2001;Outros;Base Champenoise champanha;0
2001;Outros;Base Charmat champanha;0
2001;Outros;Bebida de uva;0
2001;Outros;Polpa de uva;0
2001;Outros;Mosto simples;6977231
2001;Outros;Mosto concentrado;0
2001;Outros;Mosto de uva com bagaço;0
2001;Outros;Mosto dessulfitado;0
2001;Outros;Mistelas;15000
2001;Outros;Néctar de uva;0
2001;Outros;Licorosos;4000
2001;Outros;Compostos;0
2001;Outros;Jeropiga;0
2001;Outros;Filtrado;0
2001;Outros;Frisante;0
2001;Outros;Vinho leve;0
2001;Outros;Vinho licoroso;0
2001;Outros;Brandy;0
2001;Outros;Destilado;0
2001;Outros;Bagaceira;10350
2001;Outros;Licor de bagaceira;0
2001;Outros;Vinagre;0
2001;Outros;Borra líquida;8216162
2001;Outros;Borra seca;0
2001;Outros;Vinho Composto;0
2001;Outros;Pisco;0
2001;Outros;Vinho orgânico;0
2001;Outros;Espumante orgânico;0
2001;Outros;Destilado alcoólico simples de bagaceira;0
2001;Outros;Vinho acidificado;0
2001;Outros;Mosto parcialmente fermentado;0
2001;Outros;Outros derivados;0
2002;Vinho de Mesa;VINHO DE MESA;259589740
2002;Outros;Tinto;215892333
2002;Outros;Branco;35329657
2002;Outros;Rosado;8367750
2002;Vinho Fino de Mesa;VINHO FINO DE MESA (VINIFERA);31655226
2002;Outros;Tinto;13619033
2002;Outros;Branco;17911689
2002;Outros;Rosado;124504
2002;Suco;SUCO;20228691
2002;Outros;Suco de uva integral;5505889
2002;Outros;Suco de uva concentrado;14722802
2002;Outros;Suco de uva adoçado;0
2002;Outros;Suco de uva orgânico;0
2002;Outros;Suco de uva reconstituído;0
2002;Derivados;DERIVADOS;28122348
2002;Outros;Espumante;0
2002;Outros;Espumante moscatel;0
2002;Outros;Base espumante;0
2002;Outros;Base espumante moscatel;0
2002;Outros;Base Champenoise champanha;0
2002;Outros;Base Charmat champanha;0
2002;Outros;Bebida de uva;0
2002;Outros;Polpa de uva;0
2002;Outros;Mosto simples;12875000
2002;Outros;Mosto concentrado;0
2002;Outros;Mosto de uva com bagaço;0
2002;Outros;Mosto dessulfitado;0
2002;Outros;Mistelas;0
2002;Outros;Néctar de uva;0
2002;Outros;Licorosos;0
2002;Outros;Compostos;0
2002;Outros;Jeropiga;0
2002;Outros;Filtrado;0
2002;Outros;Frisante;0
2002;Outros;Vinho leve;0
2002;Outros;Vinho licoroso;0
2002;Outros;Brandy;0
2002;Outros;Destilado;0
2002;Outros;Bagaceira;0
2002;Outros;Licor de bagaceira;0
2002;Outros;Vinagre;0
2002;Outros;Borra líquida;8541861
2002;Outros;Borra seca;0
2002;Outros;Vinho Composto;0
2002;Outros;Pisco;0
2002;Outros;Vinho orgânico;6705487
2002;Outros;Espumante orgânico;0
2002;Outros;Destilado alcoólico simples de bagaceira;0
2002;Outros;Vinho acidificado;0
2002;Outros;Mosto parcialmente fermentado;0
2002;Outros;Outros derivados;0
2003;Vinho de Mesa;VINHO DE MESA;202545724
2003;Outros;Tinto;155513687
2003;Outros;Branco;40861639
2003;Outros;Rosado;6170398
2003;Vinho Fino de Mesa;VINHO FINO DE MESA (VINIFERA);29551457
2003;Outros;Tinto;15357576
2003;Outros;Branco;14058481
2003;Outros;Rosado;135400
2003;Suco;SUCO;12420745
2003;Outros;Suco de uva integral;1372381
2003;Outros;Suco de uva concentrado;11048364
2003;Outros;Suco de uva adoçado;0
2003;Outros;Suco de uva orgânico;0
2003;Outros;Suco de uva reconstituído;0
2003;Derivados;DERIVADOS;24108352
2003;Outros;Espumante;0
2003;Outros;Espumante moscatel;147600
2003;Outros;Base espumante;0
2003;Outros;Base espumante moscatel;0
2003;Outros;Base Champenoise champanha;0
2003;Outros;Base Charmat champanha;0
2003;Outros;Bebida de uva;0
2003;Outros;Polpa de uva;0
2003;Outros;Mosto simples;13172480
2003;Outros;Mosto concentrado;0
2003;Outros;Mosto de uva com bagaço;0
2003;Outros;Mosto dessulfitado;0
2003;Outros;Mistelas;5500
2003;Outros;Néctar de uva;0
2003;Outros;Licorosos;34420
2003;Outros;Compostos;0
2003;Outros;Jeropiga;0
2003;Outros;Filtrado;0
2003;Outros;Frisante;0
2003;Outros;Vinho leve;11000
2003;Outros;Vinho licoroso;0
2003;Outros;Brandy;0
2003;Outros;Destilado;0
2003;Outros;Bagaceira;26800
2003;Outros;Licor de bagaceira;0
2003;Outros;Vinagre;0
2003;Outros;Borra líquida;3126172
2003;Outros;Borra seca;0
2003;Outros;Vinho Composto;0
2003;Outros;Pisco;0
2003;Outros;Vinho orgânico;7584380
2003;Outros;Espumante orgânico;0
2003;Outros;Destilado alcoólico simples de bagaceira;0
2003;Outros;Vinho acidificado;0
2003;Outros;Mosto parcialmente fermentado;0
2003;Outros;Outros derivados;0
2004;Vinho de Mesa;VINHO DE MESA;313962284
2004;Outros;Tinto;254172425
2004;Outros;Branco;51719967
2004;Outros;Rosado;8069892
2004;Vinho Fino de Mesa;VINHO FINO DE MESA (VINIFERA);42902608
2004;Outros;Tinto;23062182
2004;Outros;Branco;19803647
2004;Outros;Rosado;36779
2004;Suco;SUCO;24078112
2004;Outros;Suco de uva integral;6222380
2004;Outros;Suco de uva concentrado;17855732
2004;Outros;Suco de uva adoçado;0
2004;Outros;Suco de uva orgânico;0
2004;Outros;Suco de uva reconstituído;0
2004;Derivados;DERIVADOS;28471858
2004;Outros;Espumante;3999
2004;Outros;Espumante moscatel;204000
2004;Outros;Base espumante;0
2004;Outros;Base espumante moscatel;98900
2004;Outros;Base Champenoise champanha;0
2004;Outros;Base Charmat champanha;0
2004;Outros;Bebida de uva;0
2004;Outros;Polpa de uva;890562
2004;Outros;Mosto simples;26067525
2004;Outros;Mosto concentrado;0
2004;Outros;Mosto de uva com bagaço;0
2004;Outros;Mosto dessulfitado;0
2004;Outros;Mistelas;11500
2004;Outros;Néctar de uva;0
2004;Outros;Licorosos;0
2004;Outros;Compostos;0
2004;Outros;Jeropiga;0
2004;Outros;Filtrado;0
2004;Outros;Frisante;0
2004;Outros;Vinho leve;6000
2004;Outros;Vinho licoroso;77800
2004;Outros;Brandy;0
2004;Outros;Destilado;1000
2004;Outros;Bagaceira;66082
2004;Outros;Licor de bagaceira;0
2004;Outros;Vinagre;0
2004;Outros;Borra líquida;1044490
2004;Outros;Borra seca;0
2004;Outros;Vinho Composto;0
2004;Outros;Pisco;0
2004;Outros;Vinho orgânico;0
2004;Outros;Espumante orgânico;0
2004;Outros;Destilado alcoólico simples de bagaceira;0
2004;Outros;Vinho acidificado;0
2004;Outros;Mosto parcialmente fermentado;0
2004;Outros;Outros derivados;0
2005;Vinho de Mesa;VINHO DE MESA;226080432
2005;Outros;Tinto;180698666
2005;Outros;Branco;39212146
2005;Outros;Rosado;6169620
2005;Vinho Fino de Mesa;VINHO FINO DE MESA (VINIFERA);45453898
2005;Outros;Tinto;25409805
2005;Outros;Branco;20012363
2005;Outros;Rosado;31730
2005;Suco;SUCO;27960596
2005;Outros;Suco de uva integral;7103175
2005;Outros;Suco de uva concentrado;19513244
2005;Outros;Suco de uva adoçado;1344177
2005;Outros;Suco de uva orgânico;0
2005;Outros;Suco de uva reconstituído;0
2005;Derivados;DERIVADOS;25541605
2005;Outros;Espumante;1920
2005;Outros;Espumante moscatel;514480
2005;Outros;Base espumante;239000
2005;Outros;Base espumante moscatel;212400
2005;Outros;Base Champenoise champanha;0
2005;Outros;Base Charmat champanha;0
2005;Outros;Bebida de uva;0
2005;Outros;Polpa de uva;1350672
2005;Outros;Mosto simples;22429791
2005;Outros;Mosto concentrado;83116
2005;Outros;Mosto de uva com bagaço;0
2005;Outros;Mosto dessulfitado;0
2005;Outros;Mistelas;9960
2005;Outros;Néctar de uva;0
2005;Outros;Licorosos;0
2005;Outros;Compostos;0
2005;Outros;Jeropiga;0
2005;Outros;Filtrado;0
2005;Outros;Frisante;0
2005;Outros;Vinho leve;16500
2005;Outros;Vinho licoroso;125700
2005;Outros;Brandy;0
2005;Outros;Destilado;0
2005;Outros;Bagaceira;32050
2005;Outros;Licor de bagaceira;0
2005;Outros;Vinagre;0
2005;Outros;Borra líquida;526016
2005;Outros;Borra seca;0
2005;Outros;Vinho Composto;0
2005;Outros;Pisco;0
2005;Outros;Vinho orgânico;0
2005;Outros;Espumante orgânico;0
2005;Outros;Destilado alcoólico simples de bagaceira;0
2005;Outros;Vinho acidificado;0
2005;Outros;Mosto parcialmente fermentado;0
2005;Outros;Outros derivados;0
2006;Vinho de Mesa;VINHO DE MESA;185100887
2006;Outros;Tinto;149552555
2006;Outros;Branco;31738390
2006;Outros;Rosado;3809942
2006;Vinho Fino de Mesa;VINHO FINO DE MESA (VINIFERA);32168977
2006;Outros;Tinto;18868108
2006;Outros;Branco;13249969
2006;Outros;Rosado;50900
2006;Suco;SUCO;31361096
2006;Outros;Suco de uva integral;13946491
2006;Outros;Suco de uva concentrado;17414605
2006;Outros;Suco de uva adoçado;0
2006;Outros;Suco de uva orgânico;0
2006;Outros;Suco de uva reconstituído;0
2006;Derivados;DERIVADOS;27752531
2006;Outros;Espumante;26600
2006;Outros;Espumante moscatel;320514
2006;Outros;Base espumante;0
2006;Outros;Base espumante moscatel;362589
2006;Outros;Base Champenoise champanha;0
2006;Outros;Base Charmat champanha;0
2006;Outros;Bebida de uva;0
2006;Outros;Polpa de uva;1006000
2006;Outros;Mosto simples;25903812
2006;Outros;Mosto concentrado;0
2006;Outros;Mosto de uva com bagaço;0
2006;Outros;Mosto dessulfitado;0
2006;Outros;Mistelas;0
2006;Outros;Néctar de uva;0
2006;Outros;Licorosos;0
2006;Outros;Compostos;0
2006;Outros;Jeropiga;0
2006;Outros;Filtrado;0
2006;Outros;Frisante;0
2006;Outros;Vinho leve;0
2006;Outros;Vinho licoroso;28500
2006;Outros;Brandy;0
2006;Outros;Destilado;0
2006;Outros;Bagaceira;24250
2006;Outros;Licor de bagaceira;0
2006;Outros;Vinagre;0
2006;Outros;Borra líquida;57333
2006;Outros;Borra seca;0
2006;Outros;Vinho Composto;0
2006;Outros;Pisco;0
2006;Outros;Vinho orgânico;22933
2006;Outros;Espumante orgânico;0
2006;Outros;Destilado alcoólico simples de bagaceira;0
2006;Outros;Vinho acidificado;0
2006;Outros;Mosto parcialmente fermentado;0
2006;Outros;Outros derivados;0
2007;Vinho de Mesa;VINHO DE MESA;275287908
2007;Outros;Tinto;228156220
2007;Outros;Branco;42118552
2007;Outros;Rosado;5013136
2007;Vinho Fino de Mesa;VINHO FINO DE MESA (VINIFERA);43176484
2007;Outros;Tinto;24786071
2007;Outros;Branco;17598428
2007;Outros;Rosado;791985
2007;Suco;SUCO;30136844
2007;Outros;Suco de uva integral;10147037
2007;Outros;Suco de uva concentrado;19280709
2007;Outros;Suco de uva adoçado;709098
2007;Outros;Suco de uva orgânico;0
2007;Outros;Suco de uva reconstituído;0
2007;Derivados;DERIVADOS;42011603
2007;Outros;Espumante;0
2007;Outros;Espumante moscatel;589332
2007;Outros;Base espumante;78250
2007;Outros;Base espumante moscatel;111200
2007;Outros;Base Champenoise champanha;0
2007;Outros;Base Charmat champanha;0
2007;Outros;Bebida de uva;0
2007;Outros;Polpa de uva;1083202
2007;Outros;Mosto simples;37558010
2007;Outros;Mosto concentrado;110000
2007;Outros;Mosto de uva com bagaço;0
2007;Outros;Mosto dessulfitado;0
2007;Outros;Mistelas;1900
2007;Outros;Néctar de uva;0
2007;Outros;Licorosos;0
2007;Outros;Compostos;0
2007;Outros;Jeropiga;0
2007;Outros;Filtrado;0
2007;Outros;Frisante;0
2007;Outros;Vinho leve;0
2007;Outros;Vinho licoroso;27926
2007;Outros;Brandy;0
2007;Outros;Destilado;0
2007;Outros;Bagaceira;48500
2007;Outros;Licor de bagaceira;0
2007;Outros;Vinagre;0
2007;Outros;Borra líquida;2095873
2007;Outros;Borra seca;0
2007;Outros;Vinho Composto;0
2007;Outros;Pisco;0
2007;Outros;Vinho orgânico;307410
2007;Outros;Espumante orgânico;0
2007;Outros;Destilado alcoólico simples de bagaceira;0
2007;Outros;Vinho acidificado;0
2007;Outros;Mosto parcialmente fermentado;0
2007;Outros;Outros derivados;0
2008;Vinho de Mesa;VINHO DE MESA;287506811
2008;Outros;Tinto;241057928
2008;Outros;Branco;42942053
2008;Outros;Rosado;3506830
2008;Vinho Fino de Mesa;VINHO FINO DE MESA (VINIFERA);47334501
2008;Outros;Tinto;27583032
2008;Outros;Branco;18812571
2008;Outros;Rosado;938898
2008;Suco;SUCO;35647994
2008;Outros;Suco de uva integral;11817941
2008;Outros;Suco de uva concentrado;23014646
2008;Outros;Suco de uva adoçado;815407
2008;Outros;Suco de uva orgânico;0
2008;Outros;Suco de uva reconstituído;0
2008;Derivados;DERIVADOS;59622293
2008;Outros;Espumante;88690
2008;Outros;Espumante moscatel;1113462
2008;Outros;Base espumante;220120
2008;Outros;Base espumante moscatel;474721
2008;Outros;Base Champenoise champanha;0
2008;Outros;Base Charmat champanha;0
2008;Outros;Bebida de uva;1082700
2008;Outros;Polpa de uva;1188260
2008;Outros;Mosto simples;53683415
2008;Outros;Mosto concentrado;0
2008;Outros;Mosto de uva com bagaço;0
2008;Outros;Mosto dessulfitado;0
2008;Outros;Mistelas;2000
2008;Outros;Néctar de uva;0
2008;Outros;Licorosos;0
2008;Outros;Compostos;0
2008;Outros;Jeropiga;0
2008;Outros;Filtrado;0
2008;Outros;Frisante;0
2008;Outros;Vinho leve;0
2008;Outros;Vinho licoroso;65650
2008;Outros;Brandy;0
2008;Outros;Destilado;0
2008;Outros;Bagaceira;8500
2008;Outros;Licor de bagaceira;0
2008;Outros;Vinagre;0
2008;Outros;Borra líquida;1679775
2008;Outros;Borra seca;0
2008;Outros;Vinho Composto;0
2008;Outros;Pisco;0
2008;Outros;Vinho orgânico;15000
2008;Outros;Espumante orgânico;0
2008;Outros;Destilado alcoólico simples de bagaceira;0
2008;Outros;Vinho acidificado;0
2008;Outros;Mosto parcialmente fermentado;0
2008;Outros;Outros derivados;0
2009;Vinho de Mesa;VINHO DE MESA;205418206
2009;Outros;Tinto;164143454
2009;Outros;Branco;39211278
2009;Outros;Rosado;2063474
2009;Vinho Fino de Mesa;VINHO FINO DE MESA (VINIFERA);39900568
2009;Outros;Tinto;18209043
2009;Outros;Branco;21366975
2009;Outros;Rosado;324550
2009;Suco;SUCO;39715098
2009;Outros;Suco de uva integral;16034003
2009;Outros;Suco de uva concentrado;23006457
2009;Outros;Suco de uva adoçado;674638
2009;Outros;Suco de uva orgânico;0
2009;Outros;Suco de uva reconstituído;0
2009;Derivados;DERIVADOS;56787892
2009;Outros;Espumante;0
2009;Outros;Espumante moscatel;1190500
2009;Outros;Base espumante;335850
2009;Outros;Base espumante moscatel;442150
2009;Outros;Base Champenoise champanha;0
2009;Outros;Base Charmat champanha;0
2009;Outros;Bebida de uva;420
2009;Outros;Polpa de uva;1352417
2009;Outros;Mosto simples;53418555
2009;Outros;Mosto concentrado;0
2009;Outros;Mosto de uva com bagaço;0
2009;Outros;Mosto dessulfitado;0
2009;Outros;Mistelas;3500
2009;Outros;Néctar de uva;0
2009;Outros;Licorosos;38000
2009;Outros;Compostos;0
2009;Outros;Jeropiga;0
2009;Outros;Filtrado;0
2009;Outros;Frisante;0
2009;Outros;Vinho leve;0
2009;Outros;Vinho licoroso;0
2009;Outros;Brandy;0
2009;Outros;Destilado;0
2009;Outros;Bagaceira;6500
2009;Outros;Licor de bagaceira;0
2009;Outros;Vinagre;0
2009;Outros;Borra líquida;0
2009;Outros;Borra seca;0
2009;Outros;Vinho Composto;0
2009;Outros;Pisco;0
2009;Outros;Vinho orgânico;0
2009;Outros;Espumante orgânico;0
2009;Outros;Destilado alcoólico simples de bagaceira;0
2009;Outros;Vinho acidificado;0
2009;Outros;Mosto parcialmente fermentado;0
2009;Outros;Outros derivados;0
2010;Vinho de Mesa;VINHO DE MESA;195267980
2010;Outros;Tinto;157290088
2010;Outros;Branco;35408083
2010;Outros;Rosado;2569809
2010;Vinho Fino de Mesa;VINHO FINO DE MESA (VINIFERA);24805713
2010;Outros;Tinto;11401406
2010;Outros;Branco;13013027
2010;Outros;Rosado;391280
2010;Suco;SUCO;50125944
2010;Outros;Suco de uva integral;26887259
2010;Outros;Suco de uva concentrado;23238685
2010;Outros;Suco de uva adoçado;0
2010;Outros;Suco de uva orgânico;0
2010;Outros;Suco de uva reconstituído;0
2010;Derivados;DERIVADOS;51210756
2010;Outros;Espumante;10125
2010;Outros;Espumante moscatel;703393
2010;Outros;Base espumante;0
2010;Outros;Base espumante moscatel;1144508
2010;Outros;Base Champenoise champanha;92082
2010;Outros;Base Charmat champanha;254000
2010;Outros;Bebida de uva;7900
2010;Outros;Polpa de uva;1951606
2010;Outros;Mosto simples;45912040
2010;Outros;Mosto concentrado;0
2010;Outros;Mosto de uva com bagaço;0
2010;Outros;Mosto dessulfitado;0
2010;Outros;Mistelas;0
2010;Outros;Néctar de uva;0
2010;Outros;Licorosos;0
2010;Outros;Compostos;0
2010;Outros;Jeropiga;69000
2010;Outros;Filtrado;0
2010;Outros;Frisante;831000
2010;Outros;Vinho leve;0
2010;Outros;Vinho licoroso;15000
2010;Outros;Brandy;0
2010;Outros;Destilado;0
2010;Outros;Bagaceira;0
2010;Outros;Licor de bagaceira;0
2010;Outros;Vinagre;5817
2010;Outros;Borra líquida;64304
2010;Outros;Borra seca;149981
2010;Outros;Vinho Composto;0
2010;Outros;Pisco;0
2010;Outros;Vinho orgânico;0
2010;Outros;Espumante orgânico;0
2010;Outros;Destilado alcoólico simples de bagaceira;0
2010;Outros;Vinho acidificado;0
2010;Outros;Mosto parcialmente fermentado;0
2010;Outros;Outros derivados;0
2011;Vinho de Mesa;VINHO DE MESA;257840749
2011;Outros;Tinto;210113358
2011;Outros;Branco;46007504
2011;Outros;Rosado;1719887
2011;Vinho Fino de Mesa;VINHO FINO DE MESA (VINIFERA);47598471
2011;Outros;Tinto;24104740
2011;Outros;Branco;22739426
2011;Outros;Rosado;754305
2011;Suco;SUCO;69364324
2011;Outros;Suco de uva integral;39487800
2011;Outros;Suco de uva concentrado;29564324
2011;Outros;Suco de uva adoçado;312200
2011;Outros;Suco de uva orgânico;0
2011;Outros;Suco de uva reconstituído;0
2011;Derivados;DERIVADOS;85748723
2011;Outros;Espumante;26361
2011;Outros;Espumante moscatel;219100
2011;Outros;Base espumante;0
2011;Outros;Base espumante moscatel;2749540
2011;Outros;Base Champenoise champanha;74746
2011;Outros;Base Charmat champanha;865858
2011;Outros;Bebida de uva;0
2011;Outros;Polpa de uva;2480120
2011;Outros;Mosto simples;77285998
2011;Outros;Mosto concentrado;0
2011;Outros;Mosto de uva com bagaço;1037600
2011;Outros;Mosto dessulfitado;0
2011;Outros;Mistelas;0
2011;Outros;Néctar de uva;0
2011;Outros;Licorosos;0
2011;Outros;Compostos;0
2011;Outros;Jeropiga;0
2011;Outros;Filtrado;0
2011;Outros;Frisante;1003800
2011;Outros;Vinho leve;0
2011;Outros;Vinho licoroso;0
2011;Outros;Brandy;0
2011;Outros;Destilado;0
2011;Outros;Bagaceira;0
2011;Outros;Licor de bagaceira;0
2011;Outros;Vinagre;0
2011;Outros;Borra líquida;0
2011;Outros;Borra seca;0
2011;Outros;Vinho Composto;0
2011;Outros;Pisco;0
2011;Outros;Vinho orgânico;5600
2011;Outros;Espumante orgânico;0
2011;Outros;Destilado alcoólico simples de bagaceira;0
2011;Outros;Vinho acidificado;0
2011;Outros;Mosto parcialmente fermentado;0
2011;Outros;Outros derivados;0
2012;Vinho de Mesa;VINHO DE MESA;212777037
2012;Outros;Tinto;175875432
2012;Outros;Branco;34938249
2012;Outros;Rosado;1963356
2012;Vinho Fino de Mesa;VINHO FINO DE MESA (VINIFERA);45200730
2012;Outros;Tinto;24027589
2012;Outros;Branco;20647238
2012;Outros;Rosado;525903
2012;Suco;SUCO;70066732
2012;Outros;Suco de uva integral;31908829
2012;Outros;Suco de uva concentrado;37624855
2012;Outros;Suco de uva adoçado;533048
2012;Outros;Suco de uva orgânico;0
2012;Outros;Suco de uva reconstituído;0
2012;Derivados;DERIVADOS;100757101
2012;Outros;Espumante;17200
2012;Outros;Espumante moscatel;139775
2012;Outros;Base espumante;0
2012;Outros;Base espumante moscatel;2798908
2012;Outros;Base Champenoise champanha;369278
2012;Outros;Base Charmat champanha;479625
2012;Outros;Bebida de uva;0
2012;Outros;Polpa de uva;2797665
2012;Outros;Mosto simples;93341575
2012;Outros;Mosto concentrado;0
2012;Outros;Mosto de uva com bagaço;0
2012;Outros;Mosto dessulfitado;0
2012;Outros;Mistelas;200
2012;Outros;Néctar de uva;0
2012;Outros;Licorosos;26775
2012;Outros;Compostos;7600
2012;Outros;Jeropiga;0
2012;Outros;Filtrado;0
2012;Outros;Frisante;778500
2012;Outros;Vinho leve;0
2012;Outros;Vinho licoroso;0
2012;Outros;Brandy;0
2012;Outros;Destilado;0
2012;Outros;Bagaceira;0
2012;Outros;Licor de bagaceira;0
2012;Outros;Vinagre;0
2012;Outros;Borra líquida;0
2012;Outros;Borra seca;0
2012;Outros;Vinho Composto;0
2012;Outros;Pisco;0
2012;Outros;Vinho orgânico;0
2012;Outros;Espumante orgânico;0
2012;Outros;Destilado alcoólico simples de bagaceira;0
2012;Outros;Vinho acidificado;0
2012;Outros;Mosto parcialmente fermentado;0
2012;Outros;Outros derivados;0
2013;Vinho de Mesa;VINHO DE MESA;196904222
2013;Outros;Tinto;163111797
2013;Outros;Branco;32066403
2013;Outros;Rosado;1726022
2013;Vinho Fino de Mesa;VINHO FINO DE MESA (VINIFERA);45782530
2013;Outros;Tinto;23156458
2013;Outros;Branco;21906349
2013;Outros;Rosado;719723
2013;Suco;SUCO;64879790
2013;Outros;Suco de uva integral;33673396
2013;Outros;Suco de uva concentrado;31206394
2013;Outros;Suco de uva adoçado;0
2013;Outros;Suco de uva orgânico;0
2013;Outros;Suco de uva reconstituído;0
2013;Derivados;DERIVADOS;64072127
2013;Outros;Espumante;30275
2013;Outros;Espumante moscatel;159781
2013;Outros;Base espumante;0
2013;Outros;Base espumante moscatel;1470700
2013;Outros;Base Champenoise champanha;359617
2013;Outros;Base Charmat champanha;624728
2013;Outros;Bebida de uva;4260
2013;Outros;Polpa de uva;1742152
2013;Outros;Mosto simples;58517506
2013;Outros;Mosto concentrado;0
2013;Outros;Mosto de uva com bagaço;0
2013;Outros;Mosto dessulfitado;0
2013;Outros;Mistelas;2500
2013;Outros;Néctar de uva;10000
2013;Outros;Licorosos;0
2013;Outros;Compostos;0
2013;Outros;Jeropiga;0
2013;Outros;Filtrado;0
2013;Outros;Frisante;1009000
2013;Outros;Vinho leve;0
2013;Outros;Vinho licoroso;100
2013;Outros;Brandy;0
2013;Outros;Destilado;0
2013;Outros;Bagaceira;0
2013;Outros;Licor de bagaceira;0
2013;Outros;Vinagre;0
2013;Outros;Borra líquida;63111
2013;Outros;Borra seca;78397
2013;Outros;Vinho Composto;0
2013;Outros;Pisco;0
2013;Outros;Vinho orgânico;0
2013;Outros;Espumante orgânico;0
2013;Outros;Destilado alcoólico simples de bagaceira;0
2013;Outros;Vinho acidificado;0
2013;Outros;Mosto parcialmente fermentado;0
2013;Outros;Outros derivados;0
2014;Vinho de Mesa;VINHO DE MESA;196173123
2014;Outros;Tinto;157776363
2014;Outros;Branco;37438069
2014;Outros;Rosado;958691
2014;Vinho Fino de Mesa;VINHO FINO DE MESA (VINIFERA);38464314
2014;Outros;Tinto;17208996
2014;Outros;Branco;20054804
2014;Outros;Rosado;1200514
2014;Suco;SUCO;76723537
2014;Outros;Suco de uva integral;43331223
2014;Outros;Suco de uva concentrado;33392314
2014;Outros;Suco de uva adoçado;0
2014;Outros;Suco de uva orgânico;0
2014;Outros;Suco de uva reconstituído;0
2014;Derivados;DERIVADOS;62907281
2014;Outros;Espumante;2700
2014;Outros;Espumante moscatel;100000
2014;Outros;Base espumante;0
2014;Outros;Base espumante moscatel;1808044
2014;Outros;Base Champenoise champanha;234725
2014;Outros;Base Charmat champanha;376968
2014;Outros;Bebida de uva;3860
2014;Outros;Polpa de uva;2484000
2014;Outros;Mosto simples;57582195
2014;Outros;Mosto concentrado;0
2014;Outros;Mosto de uva com bagaço;0
2014;Outros;Mosto dessulfitado;0
2014;Outros;Mistelas;1000
2014;Outros;Néctar de uva;1140
2014;Outros;Licorosos;0
2014;Outros;Compostos;0
2014;Outros;Jeropiga;0
2014;Outros;Filtrado;0
2014;Outros;Frisante;26069
2014;Outros;Vinho leve;0
2014;Outros;Vinho licoroso;36000
2014;Outros;Brandy;0
2014;Outros;Destilado;0
2014;Outros;Bagaceira;0
2014;Outros;Licor de bagaceira;0
2014;Outros;Vinagre;53776
2014;Outros;Borra líquida;50954
2014;Outros;Borra seca;142850
2014;Outros;Vinho Composto;3000
2014;Outros;Pisco;0
2014;Outros;Vinho orgânico;0
2014;Outros;Espumante orgânico;0
2014;Outros;Destilado alcoólico simples de bagaceira;0
2014;Outros;Vinho acidificado;0
2014;Outros;Mosto parcialmente fermentado;0
2014;Outros;Outros derivados;0
2015;Vinho de Mesa;VINHO DE MESA;210308560
2015;Outros;Tinto;169811472
2015;Outros;Branco;39557250
2015;Outros;Rosado;939838
2015;Vinho Fino de Mesa;VINHO FINO DE MESA (VINIFERA);37148982
2015;Outros;Tinto;16745896
2015;Outros;Branco;19561966
2015;Outros;Rosado;841120
2015;Suco;SUCO;87894468
2015;Outros;Suco de uva integral;52233155
2015;Outros;Suco de uva concentrado;35661313
2015;Outros;Suco de uva adoçado;0
2015;Outros;Suco de uva orgânico;0
2015;Outros;Suco de uva reconstituído;0
2015;Derivados;DERIVADOS;107349704
2015;Outros;Espumante;23750
2015;Outros;Espumante moscatel;110100
2015;Outros;Base espumante;0
2015;Outros;Base espumante moscatel;1607727
2015;Outros;Base Champenoise champanha;605001
2015;Outros;Base Charmat champanha;1466259
2015;Outros;Bebida de uva;922
2015;Outros;Polpa de uva;2371140
2015;Outros;Mosto simples;100911592
2015;Outros;Mosto concentrado;0
2015;Outros;Mosto de uva com bagaço;0
2015;Outros;Mosto dessulfitado;0
2015;Outros;Mistelas;0
2015;Outros;Néctar de uva;1000
2015;Outros;Licorosos;0
2015;Outros;Compostos;0
2015;Outros;Jeropiga;0
2015;Outros;Filtrado;0
2015;Outros;Frisante;0
2015;Outros;Vinho leve;0
2015;Outros;Vinho licoroso;56000
2015;Outros;Brandy;0
2015;Outros;Destilado;0
2015;Outros;Bagaceira;1350
2015;Outros;Licor de bagaceira;0
2015;Outros;Vinagre;25800
2015;Outros;Borra líquida;48833
2015;Outros;Borra seca;120230
2015;Outros;Vinho Composto;0
2015;Outros;Pisco;0
2015;Outros;Vinho orgânico;0
2015;Outros;Espumante orgânico;0
2015;Outros;Destilado alcoólico simples de bagaceira;0
2015;Outros;Vinho acidificado;0
2015;Outros;Mosto parcialmente fermentado;0
2015;Outros;Outros derivados;0
2016;Vinho de Mesa;VINHO DE MESA;86319015
2016;Outros;Tinto;75279191
2016;Outros;Branco;10727099
2016;Outros;Rosado;312725
2016;Vinho Fino de Mesa;VINHO FINO DE MESA (VINIFERA);18070626
2016;Outros;Tinto;8774847
2016;Outros;Branco;8705066
2016;Outros;Rosado;590713
2016;Suco;SUCO;42210389
2016;Outros;Suco de uva integral;31117869
2016;Outros;Suco de uva concentrado;11092520
2016;Outros;Suco de uva adoçado;0
2016;Outros;Suco de uva orgânico;0
2016;Outros;Suco de uva reconstituído;0
2016;Derivados;DERIVADOS;53950314
2016;Outros;Espumante;1500
2016;Outros;Espumante moscatel;100000
2016;Outros;Base espumante;0
2016;Outros;Base espumante moscatel;1325700
2016;Outros;Base Champenoise champanha;740395
2016;Outros;Base Charmat champanha;250280
2016;Outros;Bebida de uva;3474
2016;Outros;Polpa de uva;1620430
2016;Outros;Mosto simples;49770993
2016;Outros;Mosto concentrado;0
2016;Outros;Mosto de uva com bagaço;0
2016;Outros;Mosto dessulfitado;0
2016;Outros;Mistelas;0
2016;Outros;Néctar de uva;0
2016;Outros;Licorosos;0
2016;Outros;Compostos;0
2016;Outros;Jeropiga;0
2016;Outros;Filtrado;0
2016;Outros;Frisante;0
2016;Outros;Vinho leve;0
2016;Outros;Vinho licoroso;24200
2016;Outros;Brandy;0
2016;Outros;Destilado;0
2016;Outros;Bagaceira;1000
2016;Outros;Licor de bagaceira;0
2016;Outros;Vinagre;5000
2016;Outros;Borra líquida;24975
2016;Outros;Borra seca;82367
2016;Outros;Vinho Composto;0
2016;Outros;Pisco;0
2016;Outros;Vinho orgânico;0
2016;Outros;Espumante orgânico;0
2016;Outros;Destilado alcoólico simples de bagaceira;0
2016;Outros;Vinho acidificado;0
2016;Outros;Mosto parcialmente fermentado;0
2016;Outros;Outros derivados;0
2017;Vinho de Mesa;VINHO DE MESA;255015187
2017;Outros;Tinto;1365957
2017;Outros;Branco;217527985
2017;Outros;Rosado;36121245
2017;Vinho Fino de Mesa;VINHO FINO DE MESA (VINIFERA);44537870
2017;Outros;Tinto;21442212
2017;Outros;Branco;21928400
2017;Outros;Rosado;1167258
2017;Suco;SUCO;77161971
2017;Outros;Suco de uva integral;46865626
2017;Outros;Suco de uva concentrado;30059271
2017;Outros;Suco de uva adoçado;177774
2017;Outros;Suco de uva orgânico;0
2017;Outros;Suco de uva reconstituído;59300
2017;Derivados;DERIVADOS;109116761
2017;Outros;Espumante;11280
2017;Outros;Espumante moscatel;152375
2017;Outros;Base espumante;0
2017;Outros;Base espumante moscatel;1965629
2017;Outros;Base Champenoise champanha;1552403
2017;Outros;Base Charmat champanha;893364
2017;Outros;Bebida de uva;0
2017;Outros;Polpa de uva;2507125
2017;Outros;Mosto simples;101010116
2017;Outros;Mosto concentrado;0
2017;Outros;Mosto de uva com bagaço;772110
2017;Outros;Mosto dessulfitado;0
2017;Outros;Mistelas;1500
2017;Outros;Néctar de uva;3000
2017;Outros;Licorosos;110820
2017;Outros;Compostos;0
2017;Outros;Jeropiga;0
2017;Outros;Filtrado;0
2017;Outros;Frisante;0
2017;Outros;Vinho leve;0
2017;Outros;Vinho licoroso;110820
2017;Outros;Brandy;0
2017;Outros;Destilado;0
2017;Outros;Bagaceira;900
2017;Outros;Licor de bagaceira;0
2017;Outros;Vinagre;25319
2017;Outros;Borra líquida;0
2017;Outros;Borra seca;0
2017;Outros;Vinho Composto;0
2017;Outros;Pisco;0
2017;Outros;Vinho orgânico;0
2017;Outros;Espumante orgânico;0
2017;Outros;Destilado alcoólico simples de bagaceira;0
2017;Outros;Vinho acidificado;0
2017;Outros;Mosto parcialmente fermentado;0
2017;Outros;Outros derivados;0
2018;Vinho de Mesa;VINHO DE MESA;218375636
2018;Outros;Tinto;188270142
2018;Outros;Branco;29229970
2018;Outros;Rosado;875524
2018;Vinho Fino de Mesa;VINHO FINO DE MESA (VINIFERA);38707220
2018;Outros;Tinto;19118254
2018;Outros;Branco;18297257
2018;Outros;Rosado;1291709
2018;Suco;SUCO;65467906
2018;Outros;Suco de uva integral;34367996
2018;Outros;Suco de uva concentrado;31099910
2018;Outros;Suco de uva adoçado;0
2018;Outros;Suco de uva orgânico;0
2018;Outros;Suco de uva reconstituído;0
2018;Derivados;DERIVADOS;95202101
2018;Outros;Espumante;68500
2018;Outros;Espumante moscatel;326200
2018;Outros;Base espumante;0
2018;Outros;Base espumante moscatel;1320650
2018;Outros;Base Champenoise champanha;228518
2018;Outros;Base Charmat champanha;1746540
2018;Outros;Bebida de uva;0
2018;Outros;Polpa de uva;2112683
2018;Outros;Mosto simples;88910980
2018;Outros;Mosto concentrado;0
2018;Outros;Mosto de uva com bagaço;0
2018;Outros;Mosto dessulfitado;0
2018;Outros;Mistelas;2000
2018;Outros;Néctar de uva;0
2018;Outros;Licorosos;0
2018;Outros;Compostos;0
2018;Outros;Jeropiga;0
2018;Outros;Filtrado;0
2018;Outros;Frisante;0
2018;Outros;Vinho leve;8000
2018;Outros;Vinho licoroso;124303
2018;Outros;Brandy;0
2018;Outros;Destilado;680
2018;Outros;Bagaceira;2100
2018;Outros;Licor de bagaceira;0
2018;Outros;Vinagre;25367
2018;Outros;Borra líquida;255100
2018;Outros;Borra seca;70480
2018;Outros;Vinho Composto;0
2018;Outros;Pisco;0
2018;Outros;Vinho orgânico;0
2018;Outros;Espumante orgânico;0
2018;Outros;Destilado alcoólico simples de bagaceira;0
2018;Outros;Vinho acidificado;0
2018;Outros;Mosto parcialmente fermentado;0
2018;Outros;Outros derivados;0
2019;Vinho de Mesa;VINHO DE MESA;144629737
2019;Outros;Tinto;121045115
2019;Outros;Branco;22032828
2019;Outros;Rosado;1551794
2019;Vinho Fino de Mesa;VINHO FINO DE MESA (VINIFERA);37615422
2019;Outros;Tinto;17389377
2019;Outros;Branco;18193055
2019;Outros;Rosado;2032990
2019;Suco;SUCO;77805352
2019;Outros;Suco de uva integral;50239767
2019;Outros;Suco de uva concentrado;26861009
2019;Outros;Suco de uva adoçado;120320
2019;Outros;Suco de uva orgânico;0
2019;Outros;Suco de uva reconstituído;584256
2019;Derivados;DERIVADOS;142888747
2019;Outros;Espumante;52176
2019;Outros;Espumante moscatel;515800
2019;Outros;Base espumante;0
2019;Outros;Base espumante moscatel;1962443
2019;Outros;Base Champenoise champanha;274903
2019;Outros;Base Charmat champanha;1188095
2019;Outros;Bebida de uva;0
2019;Outros;Polpa de uva;1480269
2019;Outros;Mosto simples;135614344
2019;Outros;Mosto concentrado;0
2019;Outros;Mosto de uva com bagaço;645816
2019;Outros;Mosto dessulfitado;1000
2019;Outros;Mistelas;3000
2019;Outros;Néctar de uva;32519
2019;Outros;Licorosos;0
2019;Outros;Compostos;0
2019;Outros;Jeropiga;0
2019;Outros;Filtrado;0
2019;Outros;Frisante;0
2019;Outros;Vinho leve;0
2019;Outros;Vinho licoroso;99485
2019;Outros;Brandy;0
2019;Outros;Destilado;0
2019;Outros;Bagaceira;10495
2019;Outros;Licor de bagaceira;1507
2019;Outros;Vinagre;76096
2019;Outros;Borra líquida;901431
2019;Outros;Borra seca;25996
2019;Outros;Vinho Composto;0
2019;Outros;Pisco;3372
2019;Outros;Vinho orgânico;0
2019;Outros;Espumante orgânico;0
2019;Outros;Destilado alcoólico simples de bagaceira;0
2019;Outros;Vinho acidificado;0
2019;Outros;Mosto parcialmente fermentado;0
2019;Outros;Outros derivados;0
2020;Vinho de Mesa;VINHO DE MESA;124200414
2020;Outros;Tinto;103916391
2020;Outros;Branco;19568734
2020;Outros;Rosado;715289
2020;Vinho Fino de Mesa;VINHO FINO DE MESA (VINIFERA);32516686
2020;Outros;Tinto;15451883
2020;Outros;Branco;15487915
2020;Outros;Rosado;1576888
2020;Suco;SUCO;69261287
2020;Outros;Suco de uva integral;40718523
2020;Outros;Suco de uva concentrado;27963865
2020;Outros;Suco de uva adoçado;107289
2020;Outros;Suco de uva orgânico;471610
2020;Outros;Suco de uva reconstituído;0
2020;Derivados;DERIVADOS;92533804
2020;Outros;Espumante;32399
2020;Outros;Espumante moscatel;689139
2020;Outros;Base espumante;0
2020;Outros;Base espumante moscatel;3006705
2020;Outros;Base Champenoise champanha;200777
2020;Outros;Base Charmat champanha;2487939
2020;Outros;Bebida de uva;0
2020;Outros;Polpa de uva;1803472
2020;Outros;Mosto simples;80355474
2020;Outros;Mosto concentrado;0
2020;Outros;Mosto de uva com bagaço;3078256
2020;Outros;Mosto dessulfitado;5000
2020;Outros;Mistelas;0
2020;Outros;Néctar de uva;46000
2020;Outros;Licorosos;0
2020;Outros;Compostos;0
2020;Outros;Jeropiga;2000
2020;Outros;Filtrado;0
2020;Outros;Frisante;0
2020;Outros;Vinho leve;0
2020;Outros;Vinho licoroso;48678
2020;Outros;Brandy;0
2020;Outros;Destilado;0
2020;Outros;Bagaceira;0
2020;Outros;Licor de bagaceira;5800
2020;Outros;Vinagre;10000
2020;Outros;Borra líquida;509378
2020;Outros;Borra seca;167587
2020;Outros;Vinho Composto;0
2020;Outros;Pisco;1000
2020;Outros;Vinho orgânico;18700
2020;Outros;Espumante orgânico;0
2020;Outros;Destilado alcoólico simples de bagaceira;500
2020;Outros;Vinho acidificado;65000
2020;Outros;Mosto parcialmente fermentado;0
2020;Outros;Outros derivados;0
2021;Vinho de Mesa;VINHO DE MESA;173899995
2021;Outros;Tinto;146075996
2021;Outros;Branco;26432799
2021;Outros;Rosado;1391200
2021;Vinho Fino de Mesa;VINHO FINO DE MESA (VINIFERA);43474998
2021;Outros;Tinto;20433249
2021;Outros;Branco;20867999
2021;Outros;Rosado;2173750
2021;Suco;SUCO;100932264
2021;Outros;Suco de uva integral;68038479
2021;Outros;Suco de uva concentrado;32131218
2021;Outros;Suco de uva adoçado;40450
2021;Outros;Suco de uva orgânico;722117
2021;Outros;Suco de uva reconstituído;0
2021;Derivados;DERIVADOS;169031493
2021;Outros;Espumante;70091
2021;Outros;Espumante moscatel;11950
2021;Outros;Base espumante;5475049
2021;Outros;Base espumante moscatel;5549471
2021;Outros;Base Champenoise champanha;0
2021;Outros;Base Charmat champanha;0
2021;Outros;Bebida de uva;2000
2021;Outros;Polpa de uva;1180578
2021;Outros;Mosto simples;153579926
2021;Outros;Mosto concentrado;0
2021;Outros;Mosto de uva com bagaço;618764
2021;Outros;Mosto dessulfitado;1532000
2021;Outros;Mistelas;2500
2021;Outros;Néctar de uva;18187
2021;Outros;Licorosos;0
2021;Outros;Compostos;0
2021;Outros;Jeropiga;3540
2021;Outros;Filtrado;0
2021;Outros;Frisante;1390
2021;Outros;Vinho leve;0
2021;Outros;Vinho licoroso;30000
2021;Outros;Brandy;120
2021;Outros;Destilado;0
2021;Outros;Bagaceira;12060
2021;Outros;Licor de bagaceira;0
2021;Outros;Vinagre;7500
2021;Outros;Borra líquida;116450
2021;Outros;Borra seca;16789
2021;Outros;Vinho Composto;160000
2021;Outros;Pisco;0
2021;Outros;Vinho orgânico;93884
2021;Outros;Espumante orgânico;2412
2021;Outros;Destilado alcoólico simples de bagaceira;3000
2021;Outros;Vinho acidificado;0
2021;Outros;Mosto parcialmente fermentado;543510
2021;Outros;Outros derivados;322
2022;Vinho de Mesa;VINHO DE MESA;195031611
2022;Outros;Tinto;162844214
2022;Outros;Branco;30198430
2022;Outros;Rosado;1988968
2022;Vinho Fino de Mesa;VINHO FINO DE MESA (VINIFERA);47511796
2022;Outros;Tinto;24417918
2022;Outros;Branco;20896613
2022;Outros;Rosado;2197265
2022;Suco;SUCO;65809079
2022;Outros;Suco de uva integral;35248305
2022;Outros;Suco de uva concentrado;29892550
2022;Outros;Suco de uva adoçado;79130
2022;Outros;Suco de uva orgânico;589094
2022;Outros;Suco de uva reconstituído;0
2022;Derivados;DERIVADOS;138501226
2022;Outros;Espumante;70759
2022;Outros;Espumante moscatel;27200
2022;Outros;Base espumante;0
2022;Outros;Base espumante moscatel;6308043
2022;Outros;Base Champenoise champanha;1146717
2022;Outros;Base Charmat champanha;4078766
2022;Outros;Bebida de uva;0
2022;Outros;Polpa de uva;387886
2022;Outros;Mosto simples;126048241
2022;Outros;Mosto concentrado;0
2022;Outros;Mosto de uva com bagaço;0
2022;Outros;Mosto dessulfitado;0
2022;Outros;Mistelas;0
2022;Outros;Néctar de uva;0
2022;Outros;Licorosos;0
2022;Outros;Compostos;0
2022;Outros;Jeropiga;5000
2022;Outros;Filtrado;0
2022;Outros;Frisante;0
2022;Outros;Vinho leve;0
2022;Outros;Vinho licoroso;67000
2022;Outros;Brandy;0
2022;Outros;Destilado;0
2022;Outros;Bagaceira;4998
2022;Outros;Licor de bagaceira;0
2022;Outros;Vinagre;16200
2022;Outros;Borra líquida;0
2022;Outros;Borra seca;0
2022;Outros;Vinho Composto;0
2022;Outros;Pisco;0
2022;Outros;Vinho orgânico;88890
2022;Outros;Espumante orgânico;0
2022;Outros;Destilado alcoólico simples de bagaceira;4300
2022;Outros;Vinho acidificado;0
2022;Outros;Mosto parcialmente fermentado;0
2022;Outros;Outros derivados;247228
2023;Vinho de Mesa;VINHO DE MESA;169762429
2023;Outros;Tinto;139320884
2023;Outros;Branco;27910299
2023;Outros;Rosado;2531246
2023;Vinho Fino de Mesa;VINHO FINO DE MESA (VINIFERA);46268556
2023;Outros;Tinto;23615783
2023;Outros;Branco;20693437
2023;Outros;Rosado;1959336
2023;Suco;SUCO;67045238
2023;Outros;Suco de uva integral;38122173
2023;Outros;Suco de uva concentrado;28216760
2023;Outros;Suco de uva adoçado;94587
2023;Outros;Suco de uva orgânico;611718
2023;Outros;Suco de uva reconstituído;0
2023;Derivados;DERIVADOS;174716647
2023;Outros;Espumante;65525
2023;Outros;Espumante moscatel;14744
2023;Outros;Base espumante;0
2023;Outros;Base espumante moscatel;6734590
2023;Outros;Base Champenoise champanha;1552243
2023;Outros;Base Charmat champanha;5418118
2023;Outros;Bebida de uva;1627
2023;Outros;Polpa de uva;1388251
2023;Outros;Mosto simples;157848983
2023;Outros;Mosto concentrado;0
2023;Outros;Mosto de uva com bagaço;7784
2023;Outros;Mosto dessulfitado;0
2023;Outros;Mistelas;600
2023;Outros;Néctar de uva;70976
2023;Outros;Licorosos;0
2023;Outros;Compostos;0
2023;Outros;Jeropiga;4500
2023;Outros;Filtrado;0
2023;Outros;Frisante;0
2023;Outros;Vinho leve;0
2023;Outros;Vinho licoroso;73600
2023;Outros;Brandy;450
2023;Outros;Destilado;0
2023;Outros;Bagaceira;0
2023;Outros;Licor de bagaceira;0
2023;Outros;Vinagre;9000
2023;Outros;Borra líquida;758140
2023;Outros;Borra seca;17200
2023;Outros;Vinho Composto;0
2023;Outros;Pisco;0
2023;Outros;Vinho orgânico;94150
2023;Outros;Espumante orgânico;1365
2023;Outros;Destilado alcoólico simples de bagaceira;0
2023;Outros;Vinho acidificado;2500
2023;Outros;Mosto parcialmente fermentado;0
2023;Outros;Outros derivados;652301
