id;pais;ano;quantidade_kg;valor_us
1;Africa do Sul;1970;0;0
1;Africa do Sul;1971;0;0
1;Africa do Sul;1972;0;0
1;Africa do Sul;1973;0;0
1;Africa do Sul;1974;0;0
1;Africa do Sul;1975;0;0
1;Africa do Sul;1976;0;0
1;Africa do Sul;1977;0;0
1;Africa do Sul;1978;0;0
1;Africa do Sul;1979;0;0
1;Africa do Sul;1980;0;0
1;Africa do Sul;1981;0;0
1;Africa do Sul;1982;0;0
1;Africa do Sul;1983;0;0
1;Africa do Sul;1984;0;0
1;Africa do Sul;1985;0;0
1;Africa do Sul;1986;0;0
1;Africa do Sul;1987;0;0
1;Africa do Sul;1988;0;0
1;Africa do Sul;1989;0;0
1;Africa do Sul;1990;0;0
1;Africa do Sul;1991;0;0
1;Africa do Sul;1992;0;0
1;Africa do Sul;1993;0;0
1;Africa do Sul;1994;0;0
1;Africa do Sul;1995;120252;110730
1;Africa do Sul;1996;0;0
1;Africa do Sul;1997;0;0
1;Africa do Sul;1998;1605;1085
1;Africa do Sul;1999;0;0
1;Africa do Sul;2000;0;0
1;Africa do Sul;2001;1200;665
1;Africa do Sul;2002;0;0
1;Africa do Sul;2003;0;0
1;Africa do Sul;2004;1876;1124
1;Africa do Sul;2005;12014;7685
1;Africa do Sul;2006;10689;7312
1;Africa do Sul;2007;12754;8635
1;Africa do Sul;2008;14379;10961
1;Africa do Sul;2009;11839;9400
1;Africa do Sul;2010;37353;31729
1;Africa do Sul;2011;38796;34605
1;Africa do Sul;2012;74388;71839
1;Africa do Sul;2013;67758;68254
1;Africa do Sul;2014;43104;40489
1;Africa do Sul;2015;13125;13209
1;Africa do Sul;2016;7154;5841
1;Africa do Sul;2017;22029;17551
1;Africa do Sul;2018;21618;18334
1;Africa do Sul;2019;0;0
1;Africa do Sul;2020;0;0
1;Africa do Sul;2021;0;0
1;Africa do Sul;2022;0;0
1;Africa do Sul;2023;0;0
2;Alemanha;1970;0;0
2;Alemanha;1971;0;0
2;Alemanha;1972;0;0
2;Alemanha;1973;0;0
2;Alemanha;1974;0;0
2;Alemanha;1975;5;1
2;Alemanha;1976;0;0
2;Alemanha;1977;0;0
2;Alemanha;1978;0;0
2;Alemanha;1979;0;0
2;Alemanha;1980;0;0
2;Alemanha;1981;0;0
2;Alemanha;1982;0;0
2;Alemanha;1983;0;0
2;Alemanha;1984;0;0
2;Alemanha;1985;0;0
2;Alemanha;1986;0;0
2;Alemanha;1987;0;0
2;Alemanha;1988;0;0
2;Alemanha;1989;0;0
2;Alemanha;1990;0;0
2;Alemanha;1991;0;0
2;Alemanha;1992;1170;2497
2;Alemanha;1993;2832;2704
2;Alemanha;1994;4521;7206
2;Alemanha;1995;4407;4792
2;Alemanha;1996;13185;22088
2;Alemanha;1997;2880;1901
2;Alemanha;1998;0;0
2;Alemanha;1999;0;0
2;Alemanha;2000;0;0
2;Alemanha;2001;0;0
2;Alemanha;2002;0;0
2;Alemanha;2003;0;0
2;Alemanha;2004;600;1791
2;Alemanha;2005;0;0
2;Alemanha;2006;0;0
2;Alemanha;2007;0;0
2;Alemanha;2008;60850;68950
2;Alemanha;2009;0;0
2;Alemanha;2010;0;0
2;Alemanha;2011;0;0
2;Alemanha;2012;0;0
2;Alemanha;2013;0;0
2;Alemanha;2014;0;0
2;Alemanha;2015;6496;46692
2;Alemanha;2016;6540;75902
2;Alemanha;2017;0;0
2;Alemanha;2018;80;652
2;Alemanha;2019;0;0
2;Alemanha;2020;0;0
2;Alemanha;2021;0;0
2;Alemanha;2022;0;0
2;Alemanha;2023;0;0
3;Argentina;1970;0;0
3;Argentina;1971;0;0
3;Argentina;1972;0;0
3;Argentina;1973;3600;1350
3;Argentina;1974;10200;3500
3;Argentina;1975;6;5
3;Argentina;1976;0;0
3;Argentina;1977;0;0
3;Argentina;1978;2790;2850
3;Argentina;1979;0;0
3;Argentina;1980;0;0
3;Argentina;1981;0;0
3;Argentina;1982;0;0
3;Argentina;1983;0;0
3;Argentina;1984;0;0
3;Argentina;1985;0;0
3;Argentina;1986;1575080;713219
3;Argentina;1987;2452094;3673253
3;Argentina;1988;224130;163512
3;Argentina;1989;1901597;1339369
3;Argentina;1990;1875689;1367706
3;Argentina;1991;506860;499644
3;Argentina;1992;10200;6800
3;Argentina;1993;2950;3540
3;Argentina;1994;0;0
3;Argentina;1995;708655;549282
3;Argentina;1996;1050503;830357
3;Argentina;1997;2796195;2428563
3;Argentina;1998;2057726;1994801
3;Argentina;1999;2003660;1845406
3;Argentina;2000;2022110;1659478
3;Argentina;2001;1379960;869223
3;Argentina;2002;0;0
3;Argentina;2003;2237000;994132
3;Argentina;2004;850000;658747
3;Argentina;2005;974970;870222
3;Argentina;2006;1775000;1535250
3;Argentina;2007;1297680;1095590
3;Argentina;2008;0;0
3;Argentina;2009;0;0
3;Argentina;2010;108000;138240
3;Argentina;2011;0;0
3;Argentina;2012;0;0
3;Argentina;2013;0;0
3;Argentina;2014;0;0
3;Argentina;2015;0;0
3;Argentina;2016;59028;80898
3;Argentina;2017;72900;90518
3;Argentina;2018;2998;3139
3;Argentina;2019;0;0
3;Argentina;2020;0;0
3;Argentina;2021;0;0
3;Argentina;2022;0;0
3;Argentina;2023;0;0
4;Austria;1970;0;0
4;Austria;1971;0;0
4;Austria;1972;0;0
4;Austria;1973;0;0
4;Austria;1974;0;0
4;Austria;1975;0;0
4;Austria;1976;0;0
4;Austria;1977;0;0
4;Austria;1978;0;0
4;Austria;1979;0;0
4;Austria;1980;0;0
4;Austria;1981;0;0
4;Austria;1982;0;0
4;Austria;1983;0;0
4;Austria;1984;0;0
4;Austria;1985;0;0
4;Austria;1986;0;0
4;Austria;1987;0;0
4;Austria;1988;0;0
4;Austria;1989;0;0
4;Austria;1990;0;0
4;Austria;1991;0;0
4;Austria;1992;0;0
4;Austria;1993;0;0
4;Austria;1994;0;0
4;Austria;1995;1200;348
4;Austria;1996;0;0
4;Austria;1997;0;0
4;Austria;1998;35210;16029
4;Austria;1999;0;0
4;Austria;2000;0;0
4;Austria;2001;0;0
4;Austria;2002;0;0
4;Austria;2003;0;0
4;Austria;2004;0;0
4;Austria;2005;0;0
4;Austria;2006;0;0
4;Austria;2007;0;0
4;Austria;2008;0;0
4;Austria;2009;0;0
4;Austria;2010;0;0
4;Austria;2011;3264;3254
4;Austria;2012;0;0
4;Austria;2013;0;0
4;Austria;2014;0;0
4;Austria;2015;0;0
4;Austria;2016;0;0
4;Austria;2017;1333;1467
4;Austria;2018;0;0
4;Austria;2019;666;655
4;Austria;2020;0;0
4;Austria;2021;0;0
4;Austria;2022;0;0
4;Austria;2023;0;0
5;Canadá;1970;0;0
5;Canadá;1971;0;0
5;Canadá;1972;0;0
5;Canadá;1973;0;0
5;Canadá;1974;0;0
5;Canadá;1975;0;0
5;Canadá;1976;0;0
5;Canadá;1977;0;0
5;Canadá;1978;0;0
5;Canadá;1979;0;0
5;Canadá;1980;0;0
5;Canadá;1981;0;0
5;Canadá;1982;0;0
5;Canadá;1983;0;0
5;Canadá;1984;0;0
5;Canadá;1985;0;0
5;Canadá;1986;0;0
5;Canadá;1987;0;0
5;Canadá;1988;30;233
5;Canadá;1989;0;0
5;Canadá;1990;0;0
5;Canadá;1991;0;0
5;Canadá;1992;0;0
5;Canadá;1993;0;0
5;Canadá;1994;19728;4558
5;Canadá;1995;26404;12195
5;Canadá;1996;21665;8124
5;Canadá;1997;995;691
5;Canadá;1998;0;0
5;Canadá;1999;0;0
5;Canadá;2000;0;0
5;Canadá;2001;0;0
5;Canadá;2002;0;0
5;Canadá;2003;0;0
5;Canadá;2004;0;0
5;Canadá;2005;0;0
5;Canadá;2006;0;0
5;Canadá;2007;0;0
5;Canadá;2008;0;0
5;Canadá;2009;0;0
5;Canadá;2010;0;0
5;Canadá;2011;0;0
5;Canadá;2012;0;0
5;Canadá;2013;0;0
5;Canadá;2014;0;0
5;Canadá;2015;0;0
5;Canadá;2016;0;0
5;Canadá;2017;0;0
5;Canadá;2018;0;0
5;Canadá;2019;0;0
5;Canadá;2020;0;0
5;Canadá;2021;0;0
5;Canadá;2022;0;0
5;Canadá;2023;0;0
6;Coreia do Sul, República;1970;0;0
6;Coreia do Sul, República;1971;0;0
6;Coreia do Sul, República;1972;0;0
6;Coreia do Sul, República;1973;0;0
6;Coreia do Sul, República;1974;0;0
6;Coreia do Sul, República;1975;0;0
6;Coreia do Sul, República;1976;0;0
6;Coreia do Sul, República;1977;0;0
6;Coreia do Sul, República;1978;0;0
6;Coreia do Sul, República;1979;0;0
6;Coreia do Sul, República;1980;0;0
6;Coreia do Sul, República;1981;0;0
6;Coreia do Sul, República;1982;0;0
6;Coreia do Sul, República;1983;0;0
6;Coreia do Sul, República;1984;0;0
6;Coreia do Sul, República;1985;0;0
6;Coreia do Sul, República;1986;0;0
6;Coreia do Sul, República;1987;0;0
6;Coreia do Sul, República;1988;0;0
6;Coreia do Sul, República;1989;0;0
6;Coreia do Sul, República;1990;0;0
6;Coreia do Sul, República;1991;0;0
6;Coreia do Sul, República;1992;0;0
6;Coreia do Sul, República;1993;0;0
6;Coreia do Sul, República;1994;0;0
6;Coreia do Sul, República;1995;158204;117269
6;Coreia do Sul, República;1996;0;0
6;Coreia do Sul, República;1997;0;0
6;Coreia do Sul, República;1998;303420;250582
6;Coreia do Sul, República;1999;112762;90300
6;Coreia do Sul, República;2000;5141;1800
6;Coreia do Sul, República;2001;8255;2645
6;Coreia do Sul, República;2002;0;0
6;Coreia do Sul, República;2003;5400;2145
6;Coreia do Sul, República;2004;4805;1344
6;Coreia do Sul, República;2005;7379;2365
6;Coreia do Sul, República;2006;0;0
6;Coreia do Sul, República;2007;0;0
6;Coreia do Sul, República;2008;735;270
6;Coreia do Sul, República;2009;16661;17249
6;Coreia do Sul, República;2010;15080;18097
6;Coreia do Sul, República;2011;130902;136380
6;Coreia do Sul, República;2012;542548;577061
6;Coreia do Sul, República;2013;176796;227252
6;Coreia do Sul, República;2014;12655;14784
6;Coreia do Sul, República;2015;85145;49712
6;Coreia do Sul, República;2016;30022;44524
6;Coreia do Sul, República;2017;28927;41276
6;Coreia do Sul, República;2018;77955;99441
6;Coreia do Sul, República;2019;0;0
6;Coreia do Sul, República;2020;0;0
6;Coreia do Sul, República;2021;0;0
6;Coreia do Sul, República;2022;0;0
6;Coreia do Sul, República;2023;0;0
7;Coreia do Norte, República;1970;0;0
7;Coreia do Norte, República;1971;0;0
7;Coreia do Norte, República;1972;0;0
7;Coreia do Norte, República;1973;0;0
7;Coreia do Norte, República;1974;0;0
7;Coreia do Norte, República;1975;0;0
7;Coreia do Norte, República;1976;0;0
7;Coreia do Norte, República;1977;0;0
7;Coreia do Norte, República;1978;0;0
7;Coreia do Norte, República;1979;0;0
7;Coreia do Norte, República;1980;0;0
7;Coreia do Norte, República;1981;0;0
7;Coreia do Norte, República;1982;0;0
7;Coreia do Norte, República;1983;0;0
7;Coreia do Norte, República;1984;0;0
7;Coreia do Norte, República;1985;0;0
7;Coreia do Norte, República;1986;0;0
7;Coreia do Norte, República;1987;0;0
7;Coreia do Norte, República;1988;0;0
7;Coreia do Norte, República;1989;0;0
7;Coreia do Norte, República;1990;0;0
7;Coreia do Norte, República;1991;0;0
7;Coreia do Norte, República;1992;0;0
7;Coreia do Norte, República;1993;0;0
7;Coreia do Norte, República;1994;0;0
7;Coreia do Norte, República;1995;0;0
7;Coreia do Norte, República;1996;0;0
7;Coreia do Norte, República;1997;0;0
7;Coreia do Norte, República;1998;56000;49405
7;Coreia do Norte, República;1999;25100;20413
7;Coreia do Norte, República;2000;11560;9062
7;Coreia do Norte, República;2001;19071;8389
7;Coreia do Norte, República;2002;0;0
7;Coreia do Norte, República;2003;0;0
7;Coreia do Norte, República;2004;0;0
7;Coreia do Norte, República;2005;0;0
7;Coreia do Norte, República;2006;0;0
7;Coreia do Norte, República;2007;0;0
7;Coreia do Norte, República;2008;0;0
7;Coreia do Norte, República;2009;0;0
7;Coreia do Norte, República;2010;0;0
7;Coreia do Norte, República;2011;0;0
7;Coreia do Norte, República;2012;0;0
7;Coreia do Norte, República;2013;0;0
7;Coreia do Norte, República;2014;16704;24698
7;Coreia do Norte, República;2015;15651;22621
7;Coreia do Norte, República;2016;0;0
7;Coreia do Norte, República;2017;0;0
7;Coreia do Norte, República;2018;0;0
7;Coreia do Norte, República;2019;0;0
7;Coreia do Norte, República;2020;0;0
7;Coreia do Norte, República;2021;0;0
7;Coreia do Norte, República;2022;0;0
7;Coreia do Norte, República;2023;0;0
8;Chile;1970;0;0
8;Chile;1971;0;0
8;Chile;1972;0;0
8;Chile;1973;0;0
8;Chile;1974;0;0
8;Chile;1975;0;0
8;Chile;1976;0;0
8;Chile;1977;0;0
8;Chile;1978;0;0
8;Chile;1979;0;0
8;Chile;1980;0;0
8;Chile;1981;0;0
8;Chile;1982;0;0
8;Chile;1983;0;0
8;Chile;1984;0;0
8;Chile;1985;0;0
8;Chile;1986;0;0
8;Chile;1987;0;0
8;Chile;1988;0;0
8;Chile;1989;0;0
8;Chile;1990;100000;79000
8;Chile;1991;100000;82500
8;Chile;1992;0;0
8;Chile;1993;5050;2940
8;Chile;1994;158480;101920
8;Chile;1995;563267;423616
8;Chile;1996;476840;374322
8;Chile;1997;118194;133715
8;Chile;1998;0;0
8;Chile;1999;136;253
8;Chile;2000;0;0
8;Chile;2001;1391570;1502228
8;Chile;2002;27000;28350
8;Chile;2003;0;0
8;Chile;2004;0;0
8;Chile;2005;0;0
8;Chile;2006;0;0
8;Chile;2007;225000;292500
8;Chile;2008;100000;130000
8;Chile;2009;0;0
8;Chile;2010;1015000;3003445
8;Chile;2011;0;0
8;Chile;2012;0;0
8;Chile;2013;0;0
8;Chile;2014;0;0
8;Chile;2015;23790;29024
8;Chile;2016;94940;183525
8;Chile;2017;0;0
8;Chile;2018;0;0
8;Chile;2019;0;0
8;Chile;2020;0;0
8;Chile;2021;0;0
8;Chile;2022;0;0
8;Chile;2023;0;0
9;China;1970;0;0
9;China;1971;0;0
9;China;1972;0;0
9;China;1973;0;0
9;China;1974;0;0
9;China;1975;0;0
9;China;1976;0;0
9;China;1977;0;0
9;China;1978;0;0
9;China;1979;0;0
9;China;1980;0;0
9;China;1981;0;0
9;China;1982;0;0
9;China;1983;0;0
9;China;1984;0;0
9;China;1985;0;0
9;China;1986;0;0
9;China;1987;0;0
9;China;1988;0;0
9;China;1989;0;0
9;China;1990;0;0
9;China;1991;0;0
9;China;1992;0;0
9;China;1993;0;0
9;China;1994;0;0
9;China;1995;5338;1465
9;China;1996;0;0
9;China;1997;0;0
9;China;1998;4200;1715
9;China;1999;0;0
9;China;2000;0;0
9;China;2001;0;0
9;China;2002;0;0
9;China;2003;0;0
9;China;2004;0;0
9;China;2005;0;0
9;China;2006;0;0
9;China;2007;0;0
9;China;2008;0;0
9;China;2009;0;0
9;China;2010;0;0
9;China;2011;0;0
9;China;2012;0;0
9;China;2013;0;0
9;China;2014;0;0
9;China;2015;0;0
9;China;2016;0;0
9;China;2017;2475;2098
9;China;2018;0;0
9;China;2019;0;0
9;China;2020;0;0
9;China;2021;0;0
9;China;2022;0;0
9;China;2023;0;0
10;Dinamarca;1970;0;0
10;Dinamarca;1971;34;16
10;Dinamarca;1972;20;8
10;Dinamarca;1973;80;38
10;Dinamarca;1974;0;0
10;Dinamarca;1975;0;0
10;Dinamarca;1976;0;0
10;Dinamarca;1977;0;0
10;Dinamarca;1978;0;0
10;Dinamarca;1979;49;64
10;Dinamarca;1980;0;0
10;Dinamarca;1981;0;0
10;Dinamarca;1982;0;0
10;Dinamarca;1983;0;0
10;Dinamarca;1984;0;0
10;Dinamarca;1985;0;0
10;Dinamarca;1986;0;0
10;Dinamarca;1987;0;0
10;Dinamarca;1988;0;0
10;Dinamarca;1989;0;0
10;Dinamarca;1990;0;0
10;Dinamarca;1991;0;0
10;Dinamarca;1992;0;0
10;Dinamarca;1993;0;0
10;Dinamarca;1994;0;0
10;Dinamarca;1995;0;0
10;Dinamarca;1996;0;0
10;Dinamarca;1997;0;0
10;Dinamarca;1998;0;0
10;Dinamarca;1999;0;0
10;Dinamarca;2000;0;0
10;Dinamarca;2001;0;0
10;Dinamarca;2002;0;0
10;Dinamarca;2003;0;0
10;Dinamarca;2004;0;0
10;Dinamarca;2005;0;0
10;Dinamarca;2006;0;0
10;Dinamarca;2007;0;0
10;Dinamarca;2008;0;0
10;Dinamarca;2009;0;0
10;Dinamarca;2010;0;0
10;Dinamarca;2011;0;0
10;Dinamarca;2012;0;0
10;Dinamarca;2013;0;0
10;Dinamarca;2014;0;0
10;Dinamarca;2015;0;0
10;Dinamarca;2016;0;0
10;Dinamarca;2017;0;0
10;Dinamarca;2018;0;0
10;Dinamarca;2019;0;0
10;Dinamarca;2020;0;0
10;Dinamarca;2021;0;0
10;Dinamarca;2022;0;0
10;Dinamarca;2023;0;0
11;Espanha;1970;0;0
11;Espanha;1971;0;0
11;Espanha;1972;0;0
11;Espanha;1973;0;0
11;Espanha;1974;0;0
11;Espanha;1975;0;0
11;Espanha;1976;0;0
11;Espanha;1977;0;0
11;Espanha;1978;0;0
11;Espanha;1979;0;0
11;Espanha;1980;0;0
11;Espanha;1981;0;0
11;Espanha;1982;0;0
11;Espanha;1983;0;0
11;Espanha;1984;0;0
11;Espanha;1985;0;0
11;Espanha;1986;0;0
11;Espanha;1987;0;0
11;Espanha;1988;0;0
11;Espanha;1989;0;0
11;Espanha;1990;0;0
11;Espanha;1991;0;0
11;Espanha;1992;0;0
11;Espanha;1993;0;0
11;Espanha;1994;0;0
11;Espanha;1995;4617;2836
11;Espanha;1996;3058;955
11;Espanha;1997;2208;1945
11;Espanha;1998;3986;2780
11;Espanha;1999;0;0
11;Espanha;2000;0;0
11;Espanha;2001;0;0
11;Espanha;2002;0;0
11;Espanha;2003;0;0
11;Espanha;2004;0;0
11;Espanha;2005;0;0
11;Espanha;2006;0;0
11;Espanha;2007;0;0
11;Espanha;2008;0;0
11;Espanha;2009;0;0
11;Espanha;2010;0;0
11;Espanha;2011;0;0
11;Espanha;2012;0;0
11;Espanha;2013;9588;8215
11;Espanha;2014;0;0
11;Espanha;2015;0;0
11;Espanha;2016;0;0
11;Espanha;2017;0;0
11;Espanha;2018;422;806
11;Espanha;2019;0;0
11;Espanha;2020;0;0
11;Espanha;2021;0;0
11;Espanha;2022;0;0
11;Espanha;2023;0;0
12;Estados Unidos;1970;0;0
12;Estados Unidos;1971;210;777
12;Estados Unidos;1972;0;0
12;Estados Unidos;1973;7;7
12;Estados Unidos;1974;731;406
12;Estados Unidos;1975;3364;859
12;Estados Unidos;1976;3265;742
12;Estados Unidos;1977;0;0
12;Estados Unidos;1978;0;0
12;Estados Unidos;1979;0;0
12;Estados Unidos;1980;0;0
12;Estados Unidos;1981;0;0
12;Estados Unidos;1982;0;0
12;Estados Unidos;1983;0;0
12;Estados Unidos;1984;0;0
12;Estados Unidos;1985;0;0
12;Estados Unidos;1986;0;0
12;Estados Unidos;1987;954;3280
12;Estados Unidos;1988;0;0
12;Estados Unidos;1989;1958;2350
12;Estados Unidos;1990;0;0
12;Estados Unidos;1991;12543;11798
12;Estados Unidos;1992;0;0
12;Estados Unidos;1993;3597;3040
12;Estados Unidos;1994;4639;5286
12;Estados Unidos;1995;51921;200121
12;Estados Unidos;1996;15892;11721
12;Estados Unidos;1997;15896;8557
12;Estados Unidos;1998;16985;11059
12;Estados Unidos;1999;5394;11240
12;Estados Unidos;2000;10338;19754
12;Estados Unidos;2001;6089;11831
12;Estados Unidos;2002;0;0
12;Estados Unidos;2003;3536;4555
12;Estados Unidos;2004;10450;13762
12;Estados Unidos;2005;9044;12130
12;Estados Unidos;2006;20842;25866
12;Estados Unidos;2007;2028;3604
12;Estados Unidos;2008;8455;14898
12;Estados Unidos;2009;13178;24066
12;Estados Unidos;2010;10657;17793
12;Estados Unidos;2011;12487;13866
12;Estados Unidos;2012;13498;9740
12;Estados Unidos;2013;32044;34722
12;Estados Unidos;2014;0;0
12;Estados Unidos;2015;23578;28765
12;Estados Unidos;2016;68730;108205
12;Estados Unidos;2017;32691;40554
12;Estados Unidos;2018;14541;8226
12;Estados Unidos;2019;9273;14093
12;Estados Unidos;2020;28180;25418
12;Estados Unidos;2021;3870;3551
12;Estados Unidos;2022;29414;16781
12;Estados Unidos;2023;28627;15200
13;França;1970;0;0
13;França;1971;81;48
13;França;1972;36;32
13;França;1973;27;36
13;França;1974;0;0
13;França;1975;0;0
13;França;1976;0;0
13;França;1977;0;0
13;França;1978;0;0
13;França;1979;0;0
13;França;1980;0;0
13;França;1981;0;0
13;França;1982;0;0
13;França;1983;0;0
13;França;1984;0;0
13;França;1985;0;0
13;França;1986;0;0
13;França;1987;0;0
13;França;1988;0;0
13;França;1989;0;0
13;França;1990;0;0
13;França;1991;0;0
13;França;1992;0;0
13;França;1993;0;0
13;França;1994;0;0
13;França;1995;74489;61975
13;França;1996;14;52
13;França;1997;0;0
13;França;1998;0;0
13;França;1999;0;0
13;França;2000;0;0
13;França;2001;0;0
13;França;2002;0;0
13;França;2003;6;5
13;França;2004;0;0
13;França;2005;0;0
13;França;2006;0;0
13;França;2007;0;0
13;França;2008;0;0
13;França;2009;0;0
13;França;2010;0;0
13;França;2011;0;0
13;França;2012;0;0
13;França;2013;0;0
13;França;2014;0;0
13;França;2015;862;2229
13;França;2016;0;0
13;França;2017;0;0
13;França;2018;0;0
13;França;2019;0;0
13;França;2020;0;0
13;França;2021;0;0
13;França;2022;0;0
13;França;2023;0;0
14;Guiana;1970;0;0
14;Guiana;1971;0;0
14;Guiana;1972;0;0
14;Guiana;1973;35;12
14;Guiana;1974;0;0
14;Guiana;1975;0;0
14;Guiana;1976;0;0
14;Guiana;1977;0;0
14;Guiana;1978;0;0
14;Guiana;1979;0;0
14;Guiana;1980;0;0
14;Guiana;1981;0;0
14;Guiana;1982;0;0
14;Guiana;1983;0;0
14;Guiana;1984;0;0
14;Guiana;1985;0;0
14;Guiana;1986;0;0
14;Guiana;1987;0;0
14;Guiana;1988;0;0
14;Guiana;1989;0;0
14;Guiana;1990;0;0
14;Guiana;1991;0;0
14;Guiana;1992;0;0
14;Guiana;1993;0;0
14;Guiana;1994;0;0
14;Guiana;1995;0;0
14;Guiana;1996;0;0
14;Guiana;1997;0;0
14;Guiana;1998;0;0
14;Guiana;1999;0;0
14;Guiana;2000;0;0
14;Guiana;2001;0;0
14;Guiana;2002;0;0
14;Guiana;2003;0;0
14;Guiana;2004;0;0
14;Guiana;2005;0;0
14;Guiana;2006;0;0
14;Guiana;2007;0;0
14;Guiana;2008;0;0
14;Guiana;2009;0;0
14;Guiana;2010;0;0
14;Guiana;2011;0;0
14;Guiana;2012;0;0
14;Guiana;2013;0;0
14;Guiana;2014;0;0
14;Guiana;2015;0;0
14;Guiana;2016;0;0
14;Guiana;2017;0;0
14;Guiana;2018;0;0
14;Guiana;2019;0;0
14;Guiana;2020;0;0
14;Guiana;2021;0;0
14;Guiana;2022;0;0
14;Guiana;2023;0;0
15;Israel;1970;0;0
15;Israel;1971;0;0
15;Israel;1972;0;0
15;Israel;1973;0;0
15;Israel;1974;18;8
15;Israel;1975;225;112
15;Israel;1976;405;225
15;Israel;1977;0;0
15;Israel;1978;0;0
15;Israel;1979;0;0
15;Israel;1980;0;0
15;Israel;1981;0;0
15;Israel;1982;0;0
15;Israel;1983;0;0
15;Israel;1984;0;0
15;Israel;1985;0;0
15;Israel;1986;0;0
15;Israel;1987;0;0
15;Israel;1988;234;240
15;Israel;1989;468;480
15;Israel;1990;0;0
15;Israel;1991;421;643
15;Israel;1992;312;476
15;Israel;1993;291;538
15;Israel;1994;180;250
15;Israel;1995;135;187
15;Israel;1996;4079;2483
15;Israel;1997;3700;1488
15;Israel;1998;11663;6217
15;Israel;1999;374;282
15;Israel;2000;840;1400
15;Israel;2001;1170;2192
15;Israel;2002;0;0
15;Israel;2003;0;0
15;Israel;2004;2475;3891
15;Israel;2005;5879;8140
15;Israel;2006;3249;4082
15;Israel;2007;1965;2857
15;Israel;2008;900;1551
15;Israel;2009;900;1783
15;Israel;2010;1125;1684
15;Israel;2011;0;0
15;Israel;2012;1139;2021
15;Israel;2013;2528;4831
15;Israel;2014;0;0
15;Israel;2015;2575;4651
15;Israel;2016;1200;1656
15;Israel;2017;5340;7399
15;Israel;2018;840;1034
15;Israel;2019;3360;3609
15;Israel;2020;0;0
15;Israel;2021;720;969
15;Israel;2022;0;0
15;Israel;2023;0;0
16;itália;1970;0;0
16;itália;1971;0;0
16;itália;1972;0;0
16;itália;1973;0;0
16;itália;1974;0;0
16;itália;1975;0;0
16;itália;1976;0;0
16;itália;1977;0;0
16;itália;1978;0;0
16;itália;1979;0;0
16;itália;1980;0;0
16;itália;1981;0;0
16;itália;1982;0;0
16;itália;1983;0;0
16;itália;1984;0;0
16;itália;1985;0;0
16;itália;1986;0;0
16;itália;1987;0;0
16;itália;1988;0;0
16;itália;1989;0;0
16;itália;1990;0;0
16;itália;1991;0;0
16;itália;1992;0;0
16;itália;1993;0;0
16;itália;1994;0;0
16;itália;1995;0;0
16;itália;1996;0;0
16;itália;1997;0;0
16;itália;1998;0;0
16;itália;1999;0;0
16;itália;2000;0;0
16;itália;2001;0;0
16;itália;2002;0;0
16;itália;2003;0;0
16;itália;2004;0;0
16;itália;2005;0;0
16;itália;2006;0;0
16;itália;2007;0;0
16;itália;2008;0;0
16;itália;2009;0;0
16;itália;2010;0;0
16;itália;2011;0;0
16;itália;2012;0;0
16;itália;2013;771457;408318
16;itália;2014;0;0
16;itália;2015;225;771
16;itália;2016;774;1594
16;itália;2017;1161;4254
16;itália;2018;0;0
16;itália;2019;0;0
16;itália;2020;0;0
16;itália;2021;0;0
16;itália;2022;0;0
16;itália;2023;1836;1966
17;Japão;1970;0;0
17;Japão;1971;0;0
17;Japão;1972;0;0
17;Japão;1973;0;0
17;Japão;1974;0;0
17;Japão;1975;0;0
17;Japão;1976;0;0
17;Japão;1977;0;0
17;Japão;1978;0;0
17;Japão;1979;0;0
17;Japão;1980;0;0
17;Japão;1981;0;0
17;Japão;1982;0;0
17;Japão;1983;0;0
17;Japão;1984;0;0
17;Japão;1985;0;0
17;Japão;1986;0;0
17;Japão;1987;0;0
17;Japão;1988;0;0
17;Japão;1989;0;0
17;Japão;1990;0;0
17;Japão;1991;0;0
17;Japão;1992;175;226
17;Japão;1993;0;0
17;Japão;1994;800;800
17;Japão;1995;760;640
17;Japão;1996;0;0
17;Japão;1997;270;60
17;Japão;1998;0;0
17;Japão;1999;0;0
17;Japão;2000;0;0
17;Japão;2001;0;0
17;Japão;2002;0;0
17;Japão;2003;0;0
17;Japão;2004;0;0
17;Japão;2005;0;0
17;Japão;2006;0;0
17;Japão;2007;0;0
17;Japão;2008;0;0
17;Japão;2009;0;0
17;Japão;2010;0;0
17;Japão;2011;0;0
17;Japão;2012;0;0
17;Japão;2013;0;0
17;Japão;2014;0;0
17;Japão;2015;0;0
17;Japão;2016;0;0
17;Japão;2017;0;0
17;Japão;2018;0;0
17;Japão;2019;0;0
17;Japão;2020;0;0
17;Japão;2021;0;0
17;Japão;2022;0;0
17;Japão;2023;0;0
18;Líbano;1970;0;0
18;Líbano;1971;0;0
18;Líbano;1972;0;0
18;Líbano;1973;0;0
18;Líbano;1974;0;0
18;Líbano;1975;0;0
18;Líbano;1976;0;0
18;Líbano;1977;0;0
18;Líbano;1978;0;0
18;Líbano;1979;0;0
18;Líbano;1980;0;0
18;Líbano;1981;0;0
18;Líbano;1982;0;0
18;Líbano;1983;0;0
18;Líbano;1984;0;0
18;Líbano;1985;0;0
18;Líbano;1986;0;0
18;Líbano;1987;0;0
18;Líbano;1988;0;0
18;Líbano;1989;0;0
18;Líbano;1990;455;819
18;Líbano;1991;0;0
18;Líbano;1992;0;0
18;Líbano;1993;0;0
18;Líbano;1994;0;0
18;Líbano;1995;0;0
18;Líbano;1996;0;0
18;Líbano;1997;0;0
18;Líbano;1998;0;0
18;Líbano;1999;0;0
18;Líbano;2000;0;0
18;Líbano;2001;0;0
18;Líbano;2002;0;0
18;Líbano;2003;0;0
18;Líbano;2004;0;0
18;Líbano;2005;0;0
18;Líbano;2006;0;0
18;Líbano;2007;0;0
18;Líbano;2008;0;0
18;Líbano;2009;0;0
18;Líbano;2010;0;0
18;Líbano;2011;0;0
18;Líbano;2012;0;0
18;Líbano;2013;0;0
18;Líbano;2014;0;0
18;Líbano;2015;0;0
18;Líbano;2016;0;0
18;Líbano;2017;0;0
18;Líbano;2018;0;0
18;Líbano;2019;0;0
18;Líbano;2020;0;0
18;Líbano;2021;0;0
18;Líbano;2022;0;0
18;Líbano;2023;0;0
19;México;1970;0;0
19;México;1971;0;0
19;México;1972;0;0
19;México;1973;0;0
19;México;1974;0;0
19;México;1975;0;0
19;México;1976;0;0
19;México;1977;0;0
19;México;1978;0;0
19;México;1979;0;0
19;México;1980;0;0
19;México;1981;0;0
19;México;1982;0;0
19;México;1983;0;0
19;México;1984;0;0
19;México;1985;0;0
19;México;1986;0;0
19;México;1987;0;0
19;México;1988;0;0
19;México;1989;0;0
19;México;1990;0;0
19;México;1991;0;0
19;México;1992;0;0
19;México;1993;0;0
19;México;1994;0;0
19;México;1995;2490;1523
19;México;1996;44668;36188
19;México;1997;504734;271595
19;México;1998;1919238;863521
19;México;1999;314075;108319
19;México;2000;0;0
19;México;2001;0;0
19;México;2002;0;0
19;México;2003;0;0
19;México;2004;0;0
19;México;2005;0;0
19;México;2006;0;0
19;México;2007;0;0
19;México;2008;0;0
19;México;2009;0;0
19;México;2010;0;0
19;México;2011;0;0
19;México;2012;0;0
19;México;2013;0;0
19;México;2014;0;0
19;México;2015;0;0
19;México;2016;0;0
19;México;2017;0;0
19;México;2018;0;0
19;México;2019;0;0
19;México;2020;0;0
19;México;2021;0;0
19;México;2022;0;0
19;México;2023;0;0
20;Países Baixos;1970;0;0
20;Países Baixos;1971;0;0
20;Países Baixos;1972;0;0
20;Países Baixos;1973;0;0
20;Países Baixos;1974;0;0
20;Países Baixos;1975;0;0
20;Países Baixos;1976;0;0
20;Países Baixos;1977;0;0
20;Países Baixos;1978;0;0
20;Países Baixos;1979;0;0
20;Países Baixos;1980;0;0
20;Países Baixos;1981;0;0
20;Países Baixos;1982;0;0
20;Países Baixos;1983;0;0
20;Países Baixos;1984;0;0
20;Países Baixos;1985;0;0
20;Países Baixos;1986;0;0
20;Países Baixos;1987;0;0
20;Países Baixos;1988;0;0
20;Países Baixos;1989;0;0
20;Países Baixos;1990;0;0
20;Países Baixos;1991;0;0
20;Países Baixos;1992;0;0
20;Países Baixos;1993;0;0
20;Países Baixos;1994;0;0
20;Países Baixos;1995;0;0
20;Países Baixos;1996;0;0
20;Países Baixos;1997;0;0
20;Países Baixos;1998;0;0
20;Países Baixos;1999;0;0
20;Países Baixos;2000;0;0
20;Países Baixos;2001;0;0
20;Países Baixos;2002;0;0
20;Países Baixos;2003;0;0
20;Países Baixos;2004;0;0
20;Países Baixos;2005;0;0
20;Países Baixos;2006;0;0
20;Países Baixos;2007;0;0
20;Países Baixos;2008;0;0
20;Países Baixos;2009;0;0
20;Países Baixos;2010;0;0
20;Países Baixos;2011;0;0
20;Países Baixos;2012;0;0
20;Países Baixos;2013;0;0
20;Países Baixos;2014;0;0
20;Países Baixos;2015;0;0
20;Países Baixos;2016;0;0
20;Países Baixos;2017;0;0
20;Países Baixos;2018;0;0
20;Países Baixos;2019;0;0
20;Países Baixos;2020;0;0
20;Países Baixos;2021;0;0
20;Países Baixos;2022;0;0
20;Países Baixos;2023;0;0
21;Panamá;1970;0;0
21;Panamá;1971;0;0
21;Panamá;1972;0;0
21;Panamá;1973;0;0
21;Panamá;1974;0;0
21;Panamá;1975;0;0
21;Panamá;1976;0;0
21;Panamá;1977;0;0
21;Panamá;1978;0;0
21;Panamá;1979;0;0
21;Panamá;1980;0;0
21;Panamá;1981;0;0
21;Panamá;1982;48;99
21;Panamá;1983;0;0
21;Panamá;1984;0;0
21;Panamá;1985;0;0
21;Panamá;1986;0;0
21;Panamá;1987;0;0
21;Panamá;1988;0;0
21;Panamá;1989;0;0
21;Panamá;1990;0;0
21;Panamá;1991;0;0
21;Panamá;1992;0;0
21;Panamá;1993;0;0
21;Panamá;1994;0;0
21;Panamá;1995;0;0
21;Panamá;1996;0;0
21;Panamá;1997;0;0
21;Panamá;1998;0;0
21;Panamá;1999;0;0
21;Panamá;2000;0;0
21;Panamá;2001;0;0
21;Panamá;2002;0;0
21;Panamá;2003;0;0
21;Panamá;2004;0;0
21;Panamá;2005;0;0
21;Panamá;2006;0;0
21;Panamá;2007;0;0
21;Panamá;2008;0;0
21;Panamá;2009;0;0
21;Panamá;2010;0;0
21;Panamá;2011;0;0
21;Panamá;2012;0;0
21;Panamá;2013;0;0
21;Panamá;2014;0;0
21;Panamá;2015;0;0
21;Panamá;2016;0;0
21;Panamá;2017;0;0
21;Panamá;2018;0;0
21;Panamá;2019;0;0
21;Panamá;2020;0;0
21;Panamá;2021;0;0
21;Panamá;2022;0;0
21;Panamá;2023;0;0
22;Peru;1970;0;0
22;Peru;1971;0;0
22;Peru;1972;0;0
22;Peru;1973;0;0
22;Peru;1974;0;0
22;Peru;1975;0;0
22;Peru;1976;0;0
22;Peru;1977;0;0
22;Peru;1978;0;0
22;Peru;1979;0;0
22;Peru;1980;0;0
22;Peru;1981;0;0
22;Peru;1982;0;0
22;Peru;1983;0;0
22;Peru;1984;0;0
22;Peru;1985;0;0
22;Peru;1986;0;0
22;Peru;1987;0;0
22;Peru;1988;0;0
22;Peru;1989;0;0
22;Peru;1990;0;0
22;Peru;1991;0;0
22;Peru;1992;0;0
22;Peru;1993;0;0
22;Peru;1994;0;0
22;Peru;1995;0;0
22;Peru;1996;0;0
22;Peru;1997;0;0
22;Peru;1998;0;0
22;Peru;1999;0;0
22;Peru;2000;0;0
22;Peru;2001;0;0
22;Peru;2002;0;0
22;Peru;2003;0;0
22;Peru;2004;0;0
22;Peru;2005;0;0
22;Peru;2006;0;0
22;Peru;2007;0;0
22;Peru;2008;0;0
22;Peru;2009;0;0
22;Peru;2010;0;0
22;Peru;2011;0;0
22;Peru;2012;0;0
22;Peru;2013;0;0
22;Peru;2014;0;0
22;Peru;2015;0;0
22;Peru;2016;10238;8908
22;Peru;2017;38321;37176
22;Peru;2018;0;0
22;Peru;2019;0;0
22;Peru;2020;0;0
22;Peru;2021;0;0
22;Peru;2022;0;0
22;Peru;2023;0;0
23;Portugal;1970;0;0
23;Portugal;1971;160;109
23;Portugal;1972;125;82
23;Portugal;1973;1402;732
23;Portugal;1974;0;0
23;Portugal;1975;0;0
23;Portugal;1976;0;0
23;Portugal;1977;0;0
23;Portugal;1978;0;0
23;Portugal;1979;0;0
23;Portugal;1980;0;0
23;Portugal;1981;0;0
23;Portugal;1982;0;0
23;Portugal;1983;0;0
23;Portugal;1984;0;0
23;Portugal;1985;0;0
23;Portugal;1986;0;0
23;Portugal;1987;0;0
23;Portugal;1988;0;0
23;Portugal;1989;0;0
23;Portugal;1990;0;0
23;Portugal;1991;0;0
23;Portugal;1992;0;0
23;Portugal;1993;0;0
23;Portugal;1994;0;0
23;Portugal;1995;0;0
23;Portugal;1996;0;0
23;Portugal;1997;0;0
23;Portugal;1998;0;0
23;Portugal;1999;0;0
23;Portugal;2000;0;0
23;Portugal;2001;0;0
23;Portugal;2002;0;0
23;Portugal;2003;0;0
23;Portugal;2004;0;0
23;Portugal;2005;0;0
23;Portugal;2006;0;0
23;Portugal;2007;0;0
23;Portugal;2008;0;0
23;Portugal;2009;0;0
23;Portugal;2010;0;0
23;Portugal;2011;0;0
23;Portugal;2012;1151;3796
23;Portugal;2013;0;0
23;Portugal;2014;0;0
23;Portugal;2015;0;0
23;Portugal;2016;0;0
23;Portugal;2017;4500;5576
23;Portugal;2018;0;0
23;Portugal;2019;0;0
23;Portugal;2020;0;0
23;Portugal;2021;0;0
23;Portugal;2022;0;0
23;Portugal;2023;0;0
24;Reino Unido;1970;0;0
24;Reino Unido;1971;0;0
24;Reino Unido;1972;458;189
24;Reino Unido;1973;244;129
24;Reino Unido;1974;0;0
24;Reino Unido;1975;0;0
24;Reino Unido;1976;0;0
24;Reino Unido;1977;0;0
24;Reino Unido;1978;0;0
24;Reino Unido;1979;0;0
24;Reino Unido;1980;0;0
24;Reino Unido;1981;0;0
24;Reino Unido;1982;0;0
24;Reino Unido;1983;0;0
24;Reino Unido;1984;0;0
24;Reino Unido;1985;0;0
24;Reino Unido;1986;0;0
24;Reino Unido;1987;0;0
24;Reino Unido;1988;0;0
24;Reino Unido;1989;0;0
24;Reino Unido;1990;0;0
24;Reino Unido;1991;0;0
24;Reino Unido;1992;0;0
24;Reino Unido;1993;0;0
24;Reino Unido;1994;0;0
24;Reino Unido;1995;0;0
24;Reino Unido;1996;1734;1201
24;Reino Unido;1997;0;0
24;Reino Unido;1998;0;0
24;Reino Unido;1999;0;0
24;Reino Unido;2000;0;0
24;Reino Unido;2001;0;0
24;Reino Unido;2002;0;0
24;Reino Unido;2003;0;0
24;Reino Unido;2004;0;0
24;Reino Unido;2005;0;0
24;Reino Unido;2006;0;0
24;Reino Unido;2007;0;0
24;Reino Unido;2008;0;0
24;Reino Unido;2009;0;0
24;Reino Unido;2010;0;0
24;Reino Unido;2011;1632;1016
24;Reino Unido;2012;0;0
24;Reino Unido;2013;0;0
24;Reino Unido;2014;0;0
24;Reino Unido;2015;0;0
24;Reino Unido;2016;0;0
24;Reino Unido;2017;0;0
24;Reino Unido;2018;0;0
24;Reino Unido;2019;0;0
24;Reino Unido;2020;0;0
24;Reino Unido;2021;0;0
24;Reino Unido;2022;0;0
24;Reino Unido;2023;0;0
25;Taiwan;1970;0;0
25;Taiwan;1971;0;0
25;Taiwan;1972;0;0
25;Taiwan;1973;0;0
25;Taiwan;1974;0;0
25;Taiwan;1975;0;0
25;Taiwan;1976;0;0
25;Taiwan;1977;0;0
25;Taiwan;1978;0;0
25;Taiwan;1979;0;0
25;Taiwan;1980;0;0
25;Taiwan;1981;0;0
25;Taiwan;1982;0;0
25;Taiwan;1983;0;0
25;Taiwan;1984;0;0
25;Taiwan;1985;0;0
25;Taiwan;1986;0;0
25;Taiwan;1987;0;0
25;Taiwan;1988;0;0
25;Taiwan;1989;0;0
25;Taiwan;1990;0;0
25;Taiwan;1991;0;0
25;Taiwan;1992;0;0
25;Taiwan;1993;0;0
25;Taiwan;1994;0;0
25;Taiwan;1995;0;0
25;Taiwan;1996;0;0
25;Taiwan;1997;0;0
25;Taiwan;1998;0;0
25;Taiwan;1999;0;0
25;Taiwan;2000;0;0
25;Taiwan;2001;0;0
25;Taiwan;2002;0;0
25;Taiwan;2003;0;0
25;Taiwan;2004;0;0
25;Taiwan;2005;0;0
25;Taiwan;2006;0;0
25;Taiwan;2007;0;0
25;Taiwan;2008;0;0
25;Taiwan;2009;0;0
25;Taiwan;2010;0;0
25;Taiwan;2011;0;0
25;Taiwan;2012;1632;1034
25;Taiwan;2013;3672;2328
25;Taiwan;2014;2040;1294
25;Taiwan;2015;0;0
25;Taiwan;2016;0;0
25;Taiwan;2017;0;0
25;Taiwan;2018;0;0
25;Taiwan;2019;0;0
25;Taiwan;2020;0;0
25;Taiwan;2021;0;0
25;Taiwan;2022;0;0
25;Taiwan;2023;0;0
26;Turquia;1970;0;0
26;Turquia;1971;0;0
26;Turquia;1972;0;0
26;Turquia;1973;0;0
26;Turquia;1974;0;0
26;Turquia;1975;0;0
26;Turquia;1976;0;0
26;Turquia;1977;0;0
26;Turquia;1978;0;0
26;Turquia;1979;0;0
26;Turquia;1980;0;0
26;Turquia;1981;0;0
26;Turquia;1982;0;0
26;Turquia;1983;0;0
26;Turquia;1984;0;0
26;Turquia;1985;0;0
26;Turquia;1986;0;0
26;Turquia;1987;0;0
26;Turquia;1988;0;0
26;Turquia;1989;0;0
26;Turquia;1990;0;0
26;Turquia;1991;0;0
26;Turquia;1992;0;0
26;Turquia;1993;0;0
26;Turquia;1994;0;0
26;Turquia;1995;0;0
26;Turquia;1996;0;0
26;Turquia;1997;0;0
26;Turquia;1998;0;0
26;Turquia;1999;0;0
26;Turquia;2000;0;0
26;Turquia;2001;0;0
26;Turquia;2002;0;0
26;Turquia;2003;0;0
26;Turquia;2004;0;0
26;Turquia;2005;0;0
26;Turquia;2006;0;0
26;Turquia;2007;0;0
26;Turquia;2008;0;0
26;Turquia;2009;0;0
26;Turquia;2010;0;0
26;Turquia;2011;0;0
26;Turquia;2012;6210;15446
26;Turquia;2013;0;0
26;Turquia;2014;13428;10216
26;Turquia;2015;5052;3846
26;Turquia;2016;0;0
26;Turquia;2017;27816;19461
26;Turquia;2018;0;0
26;Turquia;2019;0;0
26;Turquia;2020;0;0
26;Turquia;2021;0;0
26;Turquia;2022;0;0
26;Turquia;2023;0;0
27;Uruguai;1970;0;0
27;Uruguai;1971;0;0
27;Uruguai;1972;0;0
27;Uruguai;1973;0;0
27;Uruguai;1974;0;0
27;Uruguai;1975;0;0
27;Uruguai;1976;15000;4500
27;Uruguai;1977;0;0
27;Uruguai;1978;0;0
27;Uruguai;1979;0;0
27;Uruguai;1980;0;0
27;Uruguai;1981;0;0
27;Uruguai;1982;0;0
27;Uruguai;1983;0;0
27;Uruguai;1984;0;0
27;Uruguai;1985;0;0
27;Uruguai;1986;0;0
27;Uruguai;1987;0;0
27;Uruguai;1988;0;0
27;Uruguai;1989;0;0
27;Uruguai;1990;0;0
27;Uruguai;1991;0;0
27;Uruguai;1992;0;0
27;Uruguai;1993;0;0
27;Uruguai;1994;0;0
27;Uruguai;1995;0;0
27;Uruguai;1996;0;0
27;Uruguai;1997;2500;1440
27;Uruguai;1998;0;0
27;Uruguai;1999;0;0
27;Uruguai;2000;0;0
27;Uruguai;2001;0;0
27;Uruguai;2002;0;0
27;Uruguai;2003;0;0
27;Uruguai;2004;0;0
27;Uruguai;2005;0;0
27;Uruguai;2006;0;0
27;Uruguai;2007;0;0
27;Uruguai;2008;0;0
27;Uruguai;2009;0;0
27;Uruguai;2010;2139;1783
27;Uruguai;2011;5786;4989
27;Uruguai;2012;0;0
27;Uruguai;2013;0;0
27;Uruguai;2014;0;0
27;Uruguai;2015;0;0
27;Uruguai;2016;0;0
27;Uruguai;2017;0;0
27;Uruguai;2018;225;600
27;Uruguai;2019;0;0
27;Uruguai;2020;0;0
27;Uruguai;2021;0;0
27;Uruguai;2022;0;0
27;Uruguai;2023;0;0
28;Venezuela;1970;0;0
28;Venezuela;1971;0;0
28;Venezuela;1972;0;0
28;Venezuela;1973;127;185
28;Venezuela;1974;0;0
28;Venezuela;1975;0;0
28;Venezuela;1976;0;0
28;Venezuela;1977;0;0
28;Venezuela;1978;0;0
28;Venezuela;1979;0;0
28;Venezuela;1980;0;0
28;Venezuela;1981;0;0
28;Venezuela;1982;0;0
28;Venezuela;1983;0;0
28;Venezuela;1984;0;0
28;Venezuela;1985;0;0
28;Venezuela;1986;0;0
28;Venezuela;1987;0;0
28;Venezuela;1988;0;0
28;Venezuela;1989;0;0
28;Venezuela;1990;0;0
28;Venezuela;1991;0;0
28;Venezuela;1992;0;0
28;Venezuela;1993;0;0
28;Venezuela;1994;0;0
28;Venezuela;1995;612;568
28;Venezuela;1996;0;0
28;Venezuela;1997;0;0
28;Venezuela;1998;0;0
28;Venezuela;1999;0;0
28;Venezuela;2000;0;0
28;Venezuela;2001;0;0
28;Venezuela;2002;0;0
28;Venezuela;2003;0;0
28;Venezuela;2004;0;0
28;Venezuela;2005;0;0
28;Venezuela;2006;0;0
28;Venezuela;2007;0;0
28;Venezuela;2008;0;0
28;Venezuela;2009;0;0
28;Venezuela;2010;0;0
28;Venezuela;2011;0;0
28;Venezuela;2012;0;0
28;Venezuela;2013;0;0
28;Venezuela;2014;0;0
28;Venezuela;2015;0;0
28;Venezuela;2016;0;0
28;Venezuela;2017;0;0
28;Venezuela;2018;0;0
28;Venezuela;2019;0;0
28;Venezuela;2020;0;0
28;Venezuela;2021;0;0
28;Venezuela;2022;0;0
28;Venezuela;2023;0;0
29;Outros;1970;0;0
29;Outros;1971;0;0
29;Outros;1972;0;0
29;Outros;1973;0;0
29;Outros;1974;0;0
29;Outros;1975;0;0
29;Outros;1976;0;0
29;Outros;1977;0;0
29;Outros;1978;0;0
29;Outros;1979;0;0
29;Outros;1980;0;0
29;Outros;1981;0;0
29;Outros;1982;0;0
29;Outros;1983;0;0
29;Outros;1984;0;0
29;Outros;1985;0;0
29;Outros;1986;0;0
29;Outros;1987;0;0
29;Outros;1988;0;0
29;Outros;1989;0;0
29;Outros;1990;0;0
29;Outros;1991;0;0
29;Outros;1992;0;0
29;Outros;1993;17186;8917
29;Outros;1994;40266;18231
29;Outros;1995;101957;31577
29;Outros;1996;255509;138561
29;Outros;1997;380790;384466
29;Outros;1998;0;0
29;Outros;1999;3186;1695
29;Outros;2000;3004;911
29;Outros;2001;0;0
29;Outros;2002;0;0
29;Outros;2003;0;0
29;Outros;2004;0;0
29;Outros;2005;0;0
29;Outros;2006;0;0
29;Outros;2007;0;0
29;Outros;2008;0;0
29;Outros;2009;0;0
29;Outros;2010;0;0
29;Outros;2011;0;0
29;Outros;2012;0;0
29;Outros;2013;0;0
29;Outros;2014;0;0
29;Outros;2015;0;0
29;Outros;2016;0;0
29;Outros;2017;0;0
29;Outros;2018;0;0
29;Outros;2019;0;0
29;Outros;2020;0;0
29;Outros;2021;0;0
29;Outros;2022;0;0
29;Outros;2023;0;0
